3308,Martin Scorsese
11475,Terry Jones
11473,Terry Gilliam
14255,William Friedkin
56405,Don Siegel
13439,George Cukor
28692,Randal Kleiser
22355,Arthur Penn
23705,Richard Brooks
29187,J. Lee Thompson
26781,Hayao Miyazaki
65063,Jeff Margolis
5104,Walter Hill
14797,Michael Curtiz
173191,Youssef Chahine
244219,Frank Simon
41187,Joachim Fest
529468,Francine Parker
222342,Shakti Samanta
216805,Salah Abu Seif
752913,Samir Al Asfory
144388,Lekh Tandon
216331,Raj Khosla
16383,Ian MacNaughton
414437,Fouad El-Mohandes
1528491,Mohamed Fadel
521185,Hani Motawea
223457,جلال الشرقاوي
223458,عبدالله الشيخ
223456,Hossam El Din Mostafa
173252,Shammi Kapoor
479396,Maroun Bagdadi
434193,Umesh Mehra
514365,Latif Faiziyev
522301,A. Salaam
906104,Alo Sarkar
549933,Mohammed Hussain
5005,Tony Scott
224,Rob Reiner
37242,Sergio Leone
43323,Steve Barron
21108,Stanley Kubrick
12968,John Carpenter
925,Wes Craven
18924,Penny Marshall
17900,John Huston
43538,Mary Lambert
31566,Spike Lee
73538,Robert Townsend
32357,Franco Zeffirelli
277353,Gary Andrews
104375,Yoshiyuki Tomino
128365,Walter C. Miller
141630,Ellen Brown
64700,Terry Hughes
59733,Eric Laneuville
470490,Linda Otto
402187,Alejandro Doria
372949,Mukul Anand
105250,Buzz Kulik
126482,Robert Markowitz
483456,Babbar Subhash
19028,John Herzfeld
107666,Joel Oliansky
68124,Indra Kumar
506342,Kazim Al Qallaf
421150,Roy Campanella II
66030,Arthur Allan Seidelman
462999,Rajiv Mehra
132198,Larry Elikann
189445,Hasan Abduselam
216915,Prakash Mehra
354120,Kevin Booth
484289,David Johndrow
507044,Ramesh Talwar
6591,Sam Raimi
3238,Robert Zemeckis
8969,Dennis Dugan
2779,Steven Spielberg
9310,Andrew Niccol
598595,Stephen Norrington
223,Nora Ephron
10468,Paul Verhoeven
9898,Mike Newell
3639,Stuart Baird
21330,John McNaughton
4381,John McTiernan
20203,Jean-Jacques Annaud
17855,Taylor Hackford
11605,Robert Redford
18526,James Mangold
115792,Yasunao Aoki
200167,Masashi Ikeda
13763,Oliver Stone
52010,Albert Hughes
24502,Allen Hughes
5268,Robert Rodriguez
3630,Martin Campbell
4763,Roland Emmerich
9756,Todd Phillips
23286,Simon Wincer
63506,Charles T. Kanganis
11847,Wolfgang Petersen
22953,Howard Deutch
92056,Robert Longo
49931,Gillian Armstrong
19432,Luis Llosa
58278,Howard Zieff
18307,Renny Harlin
18181,Jim Gillespie
47742,Michael Pressman
73306,Hideaki Anno
170280,Kazuya Tsurumaki
48814,Mark A.Z. Dippé
12967,Nick Castle
3178,Irwin Winkler
21376,Alan J. Pakula
94658,Mike Hodges
33870,Stuart Gillard
12011,Simon West
30465,Christopher Cain
596335,Danny Cannon
36580,Tsui Hark
590104,Stephen Hopkins
31286,Barbra Streisand
466957,Alan J. Levi
251092,James Moll
433273,Chris Bould
218570,Haile Gerima
64608,Marty Callner
32374,John Smithson
296068,Marcelo Piñeyro
45230,Karan Johar
56700,Luis Estrada
66323,Mani Ratnam
258373,Sergio Cabrera
128378,Ketan Mehta
149376,Richard Michaels
56754,Ziad Doueiri
119079,K. S. Ravikumar
68766,Abbas Alibhai Burmawalla
68767,Mastan Alibhai Burmawalla
451452,Bruno Stagnaro
63060,Sooraj Barjatya
104516,Kundan Shah
209282,Royer Young
104035,Aziz Mirza
143176,Shankar
103843,Mahesh Bhatt
57119,Ram Gopal Varma
64436,Rajkumar Santoshi
459386,Praveen Nischol
189233,Will Yapp
456639,Rahul Rawail
69393,Paul Miller
36204,Debbie Allen
188285,Chuck Vinson
136620,Mai Masri
432789,Rajiv Menon
74584,Elia Suleiman
400986,Bunty Soorma
441310,Khalid Mohammed
65673,Sohail Khan
80741,Yılmaz Erdoğan
1230993,Latif Faizav
67640,Mike Clattenburg
135115,Jean-Xavier de Lestrade
11429,Nicholas Stoller
1725,Christopher Nolan
1092,Adam McKay
6896,Chris Sanders
6895,Dean DeBlois
5567,Tony Gilroy
8492,Jeff Tremaine
8709,Ben Stiller
8212,Tim Burton
13626,Danny Leiner
2964,David Fincher
17741,Sam Mendes
606531,Hayato Date
30307,Ted Demme
3809,Antoine Fuqua
5565,Paul Greengrass
7883,Michael Mann
4505,Guy Ritchie
8794,Richard Curtis
28334,Mike Nichols
3770,Nancy Meyers
7026,John Lee Hancock
4994,Marc Forster
3447,Gore Verbinski
6123,Sean Penn
2781,Ethan Coen
2783,Joel Coen
3180,Sylvester Stallone
4507,Matthew Vaughn
17235,Edward Zwick
11994,Francis Ford Coppola
19725,Mike Mitchell
12719,Adam Shankman
82662,Mike Johnson
3349,Matt Reeves
187192,Patty Jenkins
24221,Steven Brill
14151,Phil Lord
14152,Christopher Miller
8024,Guillermo del Toro
10268,Atom Egoyan
14695,Alejandro Agresti
5047,Jonathan Mostow
11508,Jay Chandrasekhar
1147996,Piotr Starzak
16021,Susannah Grant
18336,Mark Waters
16733,John Singleton
8658,Nick Cassavetes
13517,Joel Gallen
16168,Robert Luketic
6587,McG
20418,John Whitesell
12626,Gregory Wilson
7644,Bo Welch
4730,James Wong
25298,Steve Beck
7684,George Miller
4465,Wilson Yip
21532,Thomas Carter
10638,David S. Goyer
24568,Rob Zombie
12424,James L. Brooks
14299,Roger Kumble
20777,David R. Ellis
15873,Justin Chadwick
25429,Marcus Nispel
26396,Ronny Yu
20194,Rob Marshall
95729,Samuel Bayer
4591,Ridley Scott
33580,Mark Rosman
6341,Peter Farrelly
6342,Bobby Farrelly
6251,David Zucker
14324,Dean Parisot
35464,Kevin Munroe
1499,Kevin Smith
67406,Rajkumar Hirani
1532066,Blair Simmons
2172694,블레어 시몬스
25323,Dennie Gordon
21534,John Gatins
7166,Gil Kenan
1093450,Jun Ki Sang
37846,Bruce Hunt
9048,Jonathan Liebesman
13753,Jessie Nelson
82577,Yann Demange
101425,Mennan Yapo
12043,D. J. Caruso
60588,Josef Rusnak
68596,Ashutosh Gowariker
12759,Grant Heslov
28317,Nicole Holofcener
5606,Zack Snyder
6296,Mark Helfrich
5231,Louis C.K.
31214,Neil LaBute
102370,Seiji Kishi
29424,Ben Ramsey
61013,Aamir Khan
378686,Li Wen Qi
277708,Takuya Igarashi
16964,Ric Roman Waugh
138262,Kazuhiro Furuhashi
20437,Rob Minkoff
280220,Jérome Mouscadet
20290,Marc Lawrence
29822,Tony Giglio
1435864,Fabrice Nzinzi
29168,Gary Binkow
398892,Anthony Williams
21932,Alan Mak
21934,Andrew Lau
187147,Christian Charles
367438,C.B. Harding
60139,Munehisa Sakai
1755,Joe Roth
46756,Brandon Camp
74658,Icíar Bollaín
589133,Michelle MacLaren
104101,Hajime Kamegaki
1321,Matthew O'Callaghan
65462,Manny Rodriguez
1134778,Phedon Papamichael
365746,Ellen Seidler
365745,Megan Siler
63670,Farah Khan
53156,Imtiaz Ali
212146,Laura Mañá
590682,Erik Canuel
85460,Tensai Okamura
430849,Dave Unwin
5194,Ava DuVernay
82104,Ben Gluck
386499,Takahiro Imamura
8281,Vondie Curtis-Hall
58673,Toshiyuki Tsuru
34975,David E. Talbert
162963,Michaël Prazan
368990,David Lee Miller
76186,Sangeeth Sivan
38960,Soi Cheang
65417,Michael Blieden
58642,Hirotsugu Kawasaki
146832,Michael Drumm
64446,Priyadarshan
332973,Ding Hei
209169,Mohamed Diab
61021,Farhan Akhtar
60636,Noriyuki Abe
416012,Juan Pablo Rebella
258258,Pablo Stoll
57419,Masahiko Murata
65374,Kevin Bray
55849,Eric Bross
376078,Tarun Mansukhani
37697,John Fortenberry
172569,Abhishek Kapoor
178219,Leste Chen
157893,Cisco Henson
376071,Atsuji Shimizu
66925,Anees Bazmee
30991,Ole Bornedal
72792,Ryoo Seung-wan
128103,Neeraj Vora
128449,Rakeysh Omprakash Mehra
143213,Soham Shah
232016,Khaled Marei
41557,Ramzy Bedia
54009,Eric Judor
63375,Nikkhil Advani
138721,Abhishek Chaubey
53952,Sanjay Leela Bhansali
375281,Julia Reichert
375280,Steven Bognar
61027,Dibakar Banerjee
140378,Pang Ho-cheung
61026,Anurag Kashyap
44761,Benny Chan
38641,Rohit Shetty
38906,Troy Miller
170546,Rohan Sippy
400512,Toshiya Shinohara
41918,Dani Levy
2086381,Chen Wei-Ling
408757,David Zeiger
66876,Milan Luthria
297627,Ketche
111716,Michael Simon
69535,Amol Palekar
65503,Reema Kagti
2066574,Chen Ming Zhang
64481,Vishal Bhardwaj
701746,Shannon Hartman
124344,Ömer Faruk Sorak
127942,Abbas Tyrewala
141354,Yasmin Ahmad
68175,Prakash Jha
304814,Rajiv Chilaka
18051,Joe Dante
252950,Navdeep Singh
101582,Preston A. Whitmore II
67533,Greg Barker
61028,Zoya Akhtar
298287,Matt Askem
69508,Vijay Lalwani
402194,Wael Ihsan
70344,Vivek Agnihotri
262830,Annemarie Jacir
115,Pablo Larraín
66926,Vipul Amrutlal Shah
67792,Madhur Bhandarkar
353148,Anusha Rizvi
67542,Najwa Najjar
67149,Habib Faisal
103222,Ayan Mukerji
202602,Anurag Basu
69049,Vikram Bhatt
117061,Kunle Afolayan
140623,Renzil D'Silva
198145,Ahmed Nader Galal
334830,Bernie Denk
235458,Sundar C
211329,Nishikant Kamat
301559,Raj Kumar Gupta
354728,Ken Ghosh
293040,Philippe Aractingi
65822,Vikramaditya Motwane
1590430,Siddharth P. Malhotra
48369,Dante Lam
168302,Everardo González
381825,Shyam Benegal
420959,Eduardo Pinto
69466,Benz Kong
430219,Izidore K. Musallam
369606,Indrajit Nattooji
419508,Santram Varma
658434,Fu-chun Hsu
618178,Ian Cherry
673171,Dianna Basso
337742,Satyajit Bhatkal
461661,Enas El-Degheidy
65088,Punit Malhotra
1132571,Sachin Yardi
255775,Nila Madhab Panda
65978,David Dhawan
448862,Randa Chahal Sabbag
425577,Anil V. Kumar
68302,Danish Aslam
171173,Prem Soni
55912,G.J. Echternkamp
68117,Kabir Sadanand
167882,Newton I. Aduaka
636919,Paul M. Green
404649,Michel Kammoun
172843,P. Vasu
212039,Josef Fares
145940,Maryo J. de los Reyes
1041779,Lonzo Nzekwe
164921,Apoorva Lakhia
176560,Tsai Yueh-Hsun
947380,Ted Emery
898730,Christopher Martin
323662,Wael Ehsan
254308,Umesh Shukla
369098,Paresh Mokashi
645751,Partho Mitra
721458,Raj Kaushal
1802211,Ming Zhang Chen
200136,Chun Chieh Liu
372383,Puneet Sira
141692,Cathy Garcia-Molina
188218,Chineze Anyaene
421380,Kingsley Ogoro
2333137,Simi Opeoluwa
455872,Sasi Shankar
1284311,Alex Diaz
1171669,Mahmood Ali-Balogun
21933,Felix Chong
401463,Todd S. Yellin
69484,Deepti Naval
614993,Takehiko Watanabe
30815,Tim Hill
12296,John Requa
12295,Glenn Ficarra
83479,J.C. Chandor
2266,Quentin Tarantino
8189,Rian Johnson
11977,Ben Affleck
16172,Woody Allen
594967,Gavin O'Connor
859215,Hiroshi Koujina
4297,Tom Hooper
6315,Steven Soderbergh
6302,Peter Berg
11540,Andrew Dominik
5238,David O. Russell
9972,Len Wiseman
6536,Nima Nourizadeh
35812,Toshiyuki Kubooka
6937,Sean McNamara
24433,Steven Quale
5664,Chris Miller
47088,Keishi Ōtomo
6447,Jaume Collet-Serra
10830,Scott Spiegel
12484,Mikael Håfström
46312,Melanie Mayron
84016,Todd Strauss-Schulson
9768,Catherine Hardwicke
233434,Shunsuke Tada
12471,Garry Marshall
7666,Raja Gosnell
351688,Dan Rush
159658,Ryan Polito
120637,Jake Szymanski
53914,Hiroshi Aoyama
58217,Tatsuya Nagamine
31207,Sarah Smith
736149,Hwang Dong-hyuk
316973,Nicole Conn
7737,Dustin Hoffman
66544,Jay Karas
336310,Lee Hirsch
119484,John Mitchell
23491,Jeremy Kipp Walker
344587,Thom Fitzgerald
47730,Michael Damian
211077,Rodolphe Guenoden
11474,Eric Idle
65679,Aubrey Powell
82947,Cal Brunker
317022,Susan Lacy
188941,T.J. Martin
188939,Daniel Lindsay
1457574,Maeng Joo-gong
760004,Takashi Otsuka
317540,Aurora Guerrero
69954,Derek Yee Tung-Sing
166702,Scott L. Montoya
21580,Claudio Fäh
65751,Abhinay Deo
64229,Jordan Brady
157637,Yoshitomo Yonetani
36985,Johnnie To
36986,Wai Ka-fai
254106,Esen Işık
53524,Savage Steve Holland
385348,Mahdi Fleifel
67759,Clay Glen
239756,Nitesh Tiwari
65824,Vikas Bahl
724828,Oleg Kuzovkov
64531,Prabhu Deva
325162,Andrew Wessels
33087,Ernie Barbarash
104969,Craig Freimond
267345,Tolga Karaçelik
225138,Chad Eikhoff
66648,Siddique
233825,Bejoy Nambiar
68522,Tigmanshu Dhulia
148129,Ted Emery
229167,B. Unnikrishnan
61592,Arnab Chaudhuri
169580,Mysskin
240088,Mandeep Kumar
178005,Jonathan Judge
37676,Marcus Raboy
144392,Sameer Sharma
238075,Pawan Kripalani
194497,Nicolas Brossette
823395,Cho Keun-hyun
163136,Amr Salama
57285,Janet Chun
46731,Hing-Ka Chan
225649,N. Linguswamy
196919,Sameh Abdel Aziz
124773,Shakun Batra
322478,Obi Emelonye
235916,Ribhu Dasgupta
104668,Puri Jagannath
65528,Raj Nidimoru
65527,Krishna D.K.
200814,Olivia M. Lamasan
68872,Rajesh Mapuskar
328367,Ruel S. Bayani
68500,A. L. Vijay
194555,Sachin Kundalkar
184686,Vishal Mahadkar
168360,Jun Robles Lana
1635863,Daniel Joseph
145934,Wenn V. Deramas
169113,Saji Surendran
66049,Hanung Bramantyo
241670,Rajan Madhav
340391,Susan Youssef
56729,Jay Chapman
347552,Raaghav Dar
347364,Bahij Hojeij
16115,Paul King
45225,Dan Gilroy
4096,Spike Jonze
1246,Brian Helgeland
76789,Morten Tyldum
589304,Brad Anderson
1324,Ron Howard
41369,John Carney
2709,James Wan
9369,Scott Frank
6738,Phillip Noyce
36224,Patrick Brice
7107,Theodore Melfi
3042,Eli Roth
1503,Scott Stewart
21345,Scott Walker
32953,Dito Montiel
67975,Michael John Warren
24777,Lee Daniels
20564,Malcolm D. Lee
14239,Kris Pearn
5663,Cody Cameron
963348,Alon Zingman
61501,Simon J. Smith
9235,Eric Darnell
5397,Steven Knight
13150,John Luessenhop
30556,Stuart Beattie
7140,Sergei Bodrov
127607,Stuart McDonald
63726,Jeffrey Blitz
13471,Joe Nussbaum
102097,Jeffrey Walker
589314,David Ayer
95472,Jonathan Teplitzky
27017,Daniel Schechter
23096,Tate Taylor
10423,Roger Donaldson
589281,Peter Lepeniotis
979,Camille Delamarre
11082,Justin Zackham
22658,Bruce Beresford
66549,Chapman Way
66550,Maclain Way
97919,Baran bo Odar
118027,Christopher Storer
308,Bo Burnham
14094,Nimród Antal
12434,Scot Armstrong
102077,Takashi Yamazaki
273840,Ryuichi Yagi
2945,Stuart Blumberg
116202,Mark Raso
103921,Keegan Kuhn
1104079,Kang Shin-hyo
241010,Boo Sung-Chul
56995,Tom Elkins
17073,Seth Barrish
282335,Petra Costa
34170,Michael Tiddes
39193,Alex Gibney
30200,Richard Laxton
21549,Jimmy Hayward
117549,Jehane Noujaim
104378,Josh Greenbaum
81044,Juan José Campanella
18789,Stephen Herek
52098,Warren P. Sonoda
12065,Don Michael Paul
281619,Cristina Jacob
52006,Orlando von Einsiedel
128216,Marcelo Galvão
351455,Roger Graef
239210,James Rogan
19337,Rick Morales
50144,Hany Abu-Assad
682981,Craig George
707846,Bill Breneisen
66258,Tim Hodge
184740,Hasan Karacadag
275343,Abhishek Varman
45681,Elaine Bogan
45682,John Sanford
251447,Ali Bilgin
288247,Sebastián Schindel
134546,Shashanka Ghosh
123545,Seiji Mizushima
701017,Oleg Kuzovkov
1638311,Denis Chervyatsov
479908,Rinat Gazizov
37389,Greg Richardson
688104,Kim Won-seok
4624,Fisher Stevens
103808,Robert Nixon
13240,Werner Herzog
798372,Albert Sharpe
158267,Remo D'Souza
286309,Felix Starck
82131,Luciano Vidigal
244323,Cavi Borges
308796,Eduardo Chauvet
54103,Sophie Robinson
54104,Lotje Sodderland
67663,Greg Whiteley
159021,Bhushan Patel
311676,Mrigdeep Singh Lamba
192618,Vinil Mathew
176567,Akshay Akkineni
74173,Rajat Kapoor
299872,Anthony D'Souza
187926,Kim Kyu-tae
233266,Maite Alberdi
133061,Omung Kumar
101325,Neeraj Pandey
31988,Robb Wells
65831,John Paul Tremblay
65830,Mike Smith
276838,Malik Vitthal
143269,Geethu Mohandas
209573,Limbert Fabian
159115,Brandon Oldenburg
67349,Shashank Khaitan
68286,Luis Lopez
64965,J. Clay Tweel
116646,Rob Dipple
164764,Mae Cruz-Alviar
325603,Raphael Bob-Waksberg
76367,Will Lovelace
76368,Dylan Southern
66532,Lance Bangs
281119,Thiru
286453,Hernán Zin
303190,Erol Özlevi
1621654,Valve Company
13656,Mike Fleiss
104517,Sudhir Mishra
241777,Olivier Jongerlynck
725245,Nicolas Le Nevé
725246,Nicolas Le Nevé
80724,Cem Yılmaz
75854,Fung Chih-chiang
261025,Diego Lerman
67506,Anthony Pierce
195083,Selçuk Aydemir
63255,Shoojit Sircar
97750,Hakan Algul
1603075,Kenneth Gyang
308570,Dan Forrer
643401,Amin Dora
132479,Jessica Habie
244784,Smeep Kang
186613,Frasco Mortiz
814855,Lara Saba
186614,Dado C. Lumibao
162038,Gary Mak
286912,R Kannan
171157,Kunal Deshmukh
283271,Carey McKenzie
64414,Sajid Khan
193217,Rajesh Touchriver
112620,Gurmmeet Singh
68281,David Sampliner
66478,Devika Bhagat
140242,Qaushiq Mukherjee
294748,James Yukich
55145,Wyatt Cenac
2255828,Yoo Jungeol
300012,Rani Massalha
278737,Samar Shaikh
146119,Sekhar Kammula
185697,Satish Rajwade
836313,Suhas Kadav
597455,Steve Gukas
158359,Antoinette Jadaone
1527621,Arab Nasser
254864,Tarzan Nasser
301929,K. C. Bokadia
68146,Katy Chevigny
56693,Ross Kauffman
141808,Rajesh Ganguly
297197,Tony Abulu
242794,Gaurav Narayanan
118152,Michelle Bello
20352,Taika Waititi
20859,David Mackenzie
1168,David Robert Mitchell
234599,Julia Ducournau
9015,Jennifer Yuh Nelson
86932,Alessandro Carloni
66084,Mike Flanagan
96009,Tom Ford
49621,Sean Baker
730381,Thomas Astruc
30427,Kelly Fremon Craig
4227,Danny Boyle
3631,Naoko Yamada
76820,Babak Najafi
31077,Paco Cabezas
2533,Neill Blomkamp
93629,Antonio Campos
45443,S.S. Rajamouli
955740,Florian Dedio
158104,Kai Christiansen
956214,Emmanuel Amara
194369,Keiichi Sato
237527,Yasushi Kawamura
83016,Levan Gabriadze
30535,Ti West
25796,Michael Showalter
192002,Sally Cookson
211507,Babak Anvari
4424,Jeff Nichols
33266,Joe Swanberg
51934,Jason Krawczyk
6899,Tim Johnson
120650,Rob Burnett
65529,Evgeny Afineevsky
27098,Sam Liu
42040,Jon Watts
25483,James Watkins
778612,Ciarán Foy
232393,Chris Kelly
157200,Hiroyuki Seshita
230303,Nic Mathieu
6676,Yuen Woo-ping
64082,Jennifer Phang
111688,Stacy Title
17202,Cary Joji Fukunaga
23131,Tarsem Singh
9368,David Frankel
75929,Jon Greenhalgh
53894,Liz Garbus
249160,Mario Miscione
249159,Aaron Hann
78952,Jason Zada
98245,Will Canon
228255,Richie Smyth
1892,Paul Gross
76554,Vikram Gandhi
233637,Matthew Ross
406394,Alexandre Lehmann
231490,Tony Elliott
97902,Jericca Cleland
258660,Rodrigo Pelmonto
94640,John Lee
29156,Timo Tjahjanto
29171,Kimo Stamboel
97098,Alexandre Courtes
31601,Cyrus Nowrasteh
17162,Steven C. Miller
1148904,Nadia Latif
21458,David Gordon Green
1556,Frank Coraci
8718,Ricky Gervais
46275,Jon M. Chu
11173,Christopher Guest
443476,Sean Foley
148331,Roger Gual
160998,Baldvin Z
227403,Adam Nimoy
68846,Sarah Gavron
94502,Mika Kaurismäki
33881,Isaac Florentine
70931,Todor Chapkanov
133207,Andrew Jenks
167873,Brian McGinn
241156,Rod Blackhurst
232251,Siân Heder
5108,Angelina Jolie
48576,Alik Sakharov
2000678,허윤무
14892,Jon Cassar
239994,Jean-Patrick Benes
26474,Andrew Bujalski
7431,Oz Perkins
728308,Shin Won-ho
235981,Kwon Hyuk-chan
50883,Joe Menendez
763317,Ha Byung-hoon
1100108,Kim Hyun-Soo
127266,Fabrice Du Welz
426253,Joe DeMaio
235609,J.D. Dillard
25878,Steve Carr
10437,Barry Levinson
4921,Sofia Coppola
1946356,Michelle Sylvester
230017,Adam Leon
26447,Matthias Hoene
284591,Jayme Monjardim
55370,Rob Silvestri
2656,Brad Peyton
127239,Alonso Ruizpalacios
14261,Peter Billingsley
164039,Mariano Cohn
164040,Gastón Duprat
65762,Ashley York
65761,Kristina Goolsby
26922,Rhys Thomas
148356,Lorene Machado
257209,Alban Teurlai
257208,Thierry Demaizière
1752721,Matt D'Avella
804228,Namimi Sanjo
53530,Ed Gass-Donnelly
11520,Jeff Wadlow
53471,Greg McLean
38666,Jill Bauer
38669,Ronna Gradus
654537,Shigeaki Kubo
1121877,Kwak Jung-hwan
1268455,Lee Tae-gon
64483,Adam Dubin
299370,Park Jung-woo
354236,Gerardo Olivares
50931,Peter Bull
25545,Ryan Miller
58213,Jay Grace
217003,Filip Renč
242136,Isaac Rentz
37554,Michael D. Black
595488,Janice Cooke
52185,Pieter Verhoeff
332758,Rob W. King
661319,Lam Yuk Fan
48010,Sabbir Khan
254682,Takashi Fujio
254680,Yo Kawahara
19931,Chris Sparling
71174,Miguel Ángel Lamata
124153,Wayne Blair
117520,Lee Kirk
69224,Nagesh Kukunoor
701016,Oyefunke Fayoyin
64542,Karan Malhotra
255818,Song Hyun-wook
28630,Karl Mueller
147323,Jon Shenk
232480,Bonni Cohen
50943,John Lyde
32954,Jerry Seinfeld
232217,Houda Benyamina
59607,Andrew Goth
751159,Liliana Bocanegra
53707,Joe Berlinger
236603,Justin Kelly
19736,Jonathan Demme
133288,Jerrold Tarog
75659,Claude Lelouch
53290,Mahsun Kırmızıgül
197591,Jorge Hernández Aldana
61161,Jalil Lespert
1239544,Tolu Lordtanner
56653,Hannah Fidell
65306,J. Davis
172096,Jeremy Konner
32731,Riki Lindhome
70945,Katherine Dieckmann
65301,Linas Phillips
67734,Dan Krauss
106680,Nabil Ayouch
192301,Dan Villegas
732150,Abraham Joffe
235185,Gary Wang
47176,Guilherme Fontes
1865096,David Feiss
830244,Hyun Wook Song
139743,Pieter Kuijpers
120213,Måns Herngren
106170,Felix Herngren
722189,Hong Jong-chan
944486,Beer ten Kate
46669,Kike Maíllo
1363930,Rami Hachache
67131,Harshavardhan Kulkarni
769829,Tian Xiao Zhang
55874,Morgan Neville
730099,tooniverse
64707,John Asher
48823,Oskar Santos
72645,Alberto Rodríguez Librero
1180811,Hyun Moon-sub
232683,Kasper Collin
236456,Isa Campo
197923,Isaki Lacuesta
268954,David Schalko
24104,Felix van Groeningen
260412,Daniel Emeke Oriahi
131651,Christopher Louie
2004974,Shin Tae sik
233966,Vibeke Idsøe
227658,Estela Renner
304472,Luv Ranjan
58431,Phil Joanou
196603,Lars Büchel
177827,Chris Holt
1985704,이혜주
345564,Andrea Molaioli
55054,Allan Ungar
120636,Ali Scher
67023,Jean-Claude La Marre
1468,Sébastien Betbeder
48468,Biyi Bandele
64802,Kabir Khan
413186,Richard Ladkani
190017,Kief Davidson
40508,Yudai Yamaguchi
689838,Jayaprakash Radhakrishnan
54431,Karen J. Lloyd
64480,Meghna Gulzar
35650,Vince Marcello
131598,Justin Krook
257279,Mathieu Auvray
236774,Ali F. Mostafa
1268993,Umesh Ghadge
239991,Xavier Manrique
240883,Salvador Calvo
211560,Raúl Campos
590250,Jan Suter
111117,David Higby
1986860,Ching-Fang Lin
372557,Nikon Basu
136353,Joyce E. Bernal
317384,Micho Rutare
118809,Radha Krishna Jagarlamudi
264697,Will Eisenberg
256029,Lô Politi
269614,Rory Karpf
349623,William J. Saunders
172485,Tolga Örnek
247263,Mahmoud Sabbagh
94024,Ian Edelman
109359,Benjamin Dickinson
237668,Milind Dhaimade
131816,Mijke de Jong
57792,Rebecca Johnson
58003,Madeleine Gavin
1363281,Florian Schnell
317824,Jui-Yuan Tsao
282336,Lea Glob
68648,Jorge Michel Grau
254888,Rocky Soraya
869859,Charles Uwagbai
248818,Yeşim Ustaoğlu
170550,Ali Samadi Ahadi
243311,Pawan Kumar
973114,Cui Hengzhun
72217,Johan Brisinger
234720,Eduardo Roy Jr.
68239,Vibhu Puri
254716,Mir-Jean Bou Chaaya
178169,Anthony Giordano
116871,Anu Menon
139142,Raja Sen
139140,Sudhish Kamath
139143,Suparn Verma
139135,Abhinav Shiv Tiwari
139134,Rajshree Ojha
139137,Hemant Gaba
139138,Nalan Kumarasamy
139139,Pratim D. Gupta
270957,Sandeep Mohan
131570,Alex Coletti
356850,Marcel Barrena
12172,Bobcat Goldthwait
43166,Vadim Jean
791144,Wang Ming Tai
255957,Karan Anshuman
639336,Sam Loh
38046,Gary Howsam
256366,Şenol Sönmez
275094,David Lam
239596,Doesjka van Hoogdalem
157099,Kıvanç Baruönü
213097,Oz Rodriguez
22297,Aziz Ansari
268959,Basil Khalil
259009,Pierre Deschamps
1099359,Chen-Nien Ko
298838,Chen Yu-hsun
139187,Juan Antonio de la Riva
230790,Prashant Nair
958941,Kwon Jin Mo
54031,Serdar Akar
184723,Ozan Açıktan
759510,Farhan Alam
399178,Kwon Nam-ki
235378,Meltem Bozoflu
240357,Upi Avianto
58632,Zhao Tianyu
875111,Dare Olaitan
1431163,S.A. Zaidi
43188,Sam Wrench
25469,Motonori Sakakibara
233314,Christopher Murray
252144,Muharrem Gülmez
595340,James Jones
612653,Robert McCullough Jr.
1018398,Juraj Šajmovič
1054248,Bhavin Wadia
412973,Jean-Claude Barny
236149,Soumendra Padhi
249327,Burak Aksak
201378,Egor Baranov
848666,Yoon Sang-ho
260740,Theodore Boborol
1445928,Kevin Layne
246315,Namcito
246317,Bảo Nhân
140373,Matt Chow
176951,Walter Taylaur
85219,Bill D'Elia
236838,Michèle Ohayon
67197,Brett Weiner
131882,Volker Weicker
68736,Akashdeep Saigal
389284,Izu Ojukwu
212423,Nuel C. Naval
32652,Jörn Donner
1090727,Ker Choon Hooi
66418,Amy Rice
590029,Niyi Akinmolayan
269021,Curtis Graham
1323855,Olivier Derynck
2274562,Ram Ganapati Rao
761441,Ali Bin Matar
761325,Ibrahim Bin Mohamed
1046544,Han Chul-soo
639191,Lee Soon Ok
272345,Khalid Nadzri
157723,Jason Paul Laxamana
1301076,Yannick Violin
164712,Doug Roland
3669,Denis Villeneuve
160376,Boots Riley
3670,Taylor Sheridan
4228,Aaron Sorkin
76819,Christian Gudegast
13025,Paul Thomas Anderson
9771,Greta Gerwig
29852,David Bruckner
10009,Joe Wright
15455,Jennifer Kent
23633,David M. Rosenthal
6206,James Franco
31066,Pascal Laugier
58496,C.J. Wallis
59080,Bong Joon-ho
107958,Ana Lily Amirpour
121310,Julia Ford
36214,Daniel Nettheim
92711,S.J. Clarkson
27369,Stuart Hazeldine
4239,Alfonso Cuarón
78521,Gilles Paquet-Brenner
8888,Tommy Wirkola
18449,Gareth Evans
205669,Bryan Fogel
183024,Garth Davis
310548,Danishka Esterhazy
74397,Oriol Paulo
200516,Julius Onah
74008,Macon Blair
253507,Skye Borgman
130296,David F. Sandberg
21288,Park Hoon-jung
288047,Matt Palmer
62974,Raoul Peck
16652,Susanne Bier
24415,Niki Caro
145225,Laurent Bouzereau
21954,Paco Plaza
194521,Daniel Lucchesi
36998,Victor Levin
1327252,Daniel Goldhaber
9236,Noah Baumbach
140085,Olaf de Fleur Johannesson
11289,Ari Sandel
233205,Ben Young
135271,Susan Johnson
165298,Ben Howling
165294,Yolanda Ramke
27687,Asghar Farhadi
10256,Philipp Kadelbach
38260,Zak Hilditch
55591,Barbara Schroeder
600795,Hallie Meyers-Shyer
96505,Dee Rees
31777,Colin Trevorrow
119174,Chris Smith
1199082,Park Hyun-seok
56614,Cate Shortland
8396,Jeffrey Nachmanoff
115892,Tamara Jenkins
44634,Liam O'Donnell
17130,David Wain
31706,Mamoru Hosoda
53853,Johannes Roberts
290206,Daniel Sandu
33551,James Marsh
92933,Jeremy Saulnier
79780,David Slade
1184912,Andrey Dzhunkovskiy
291054,Julie Cohen
808126,Betsy West
1125950,Richard Shepard
61141,Charlie McDowell
274463,Sara Colangelo
741815,Jeremy Rush
174180,Claire Scanlon
49447,Jim Hosking
1197699,Adekunle Nodash Adejuyigbe
20484,Donald Petrie
120450,Martin Zandvliet
127715,Eduardo Casanova
879305,Madeleine Parry
405145,Jon Olb
49696,Benjamin Kasulke
1024044,He Xiaofeng
7617,Anne Fletcher
798644,Sandi Tan
117207,Trevor Nunn
1033916,Nikita Vlasov
16982,Gregory Plotkin
170147,Eshom Nelms
170148,Ian Nelms
15833,Baltasar Kormákur
47130,Alice Rohrwacher
18192,Jon Lucas
40571,Scott Moore
15246,Orson Welles
1283700,Thomas Baudre
240568,Caroline Suh
26809,Stephen Frears
1507,Sarah Adina Smith
20643,Adam Wingard
610739,Lee Eung-bok
56429,Jim Strouse
58868,John Butler
180878,Fernando Coimbra
1434128,Adam Franklin
262525,Paul Urkijo
122863,Javier Calvo
348954,Javier Ambrossi
77785,Kyle Newacheck
645107,Jang Hang-jun
240118,Nicolas Pesce
352170,Seren Yüce
100762,Hugo Blick
220272,Ildikó Enyedi
1858,Andy Serkis
101462,Alex Merkin
1523198,Gareth Morrow
6887,Jay Baruchel
246403,John L. Spencer
1723130,Joel Crawford
12340,Marti Noxon
1355058,Tom Mallion
1324107,Adrián Espinosa
1327048,Kate Mulleavy
1326869,Laura Mulleavy
32704,David Michôd
313541,Kim Jee-woon
76168,Alain Desrochers
33248,Drake Doremus
20359,Madeleine Sami
20356,Jackie van Beek
24495,Griffin Dunne
69215,Chris Perkel
32565,Brian Volk-Weiss
59758,Tom Stern
39622,Darren Grant
291593,Erica A. Watson
281234,Jeremiah Zagar
973708,Armita Keyani
108766,Scott Speer
2564,Brie Larson
921132,Federico D'Alessandro
157045,Gerard Barrett
24671,Damon Beesley
1103262,Shin Yong Hwi
111766,Stephen Kijak
157569,Dava Whisenant
16441,Miguel Arteta
98241,Park Joon-hwa
39685,Jonas Govaerts
130554,Kaat Beels
111112,Joshua Zeman
37665,Jessy Terrero
608264,Jo Hyun-tak
244896,Jason Sussberg
674733,David Alvarado
85433,Noël Wells
87080,Alex Timbers
958470,Gene Bernard
68833,Sriram Raghavan
1116008,Kim Jin-won
386418,Anthony Byrne
13242,Oren Uziel
31687,Jesse V. Johnson
31915,Hatem Khraiche
86007,Hèctor Hernández Vicens
211944,So Yong Kim
417627,Kim Jin-min
261841,Anne Sundberg
178352,Ricki Stern
184779,Lennart Ruff
119930,Michael Stephenson
598592,Tony Bancroft
200331,Scott Christian Sava
179593,Jaime Maestro
1081730,Kim Jung-hyun
1966741,Park Hong-kyun
589113,Olivia Milch
106811,Nana Ekvtimishvili
106812,Simon Groß
843546,Jennifer Brea
248792,Adam Randall
629444,Alex Richanbach
352737,Dallas Jenkins
602920,Yance Ford
292612,Nattawut Poonpiriya
180090,Kobun Shizuno
31757,Paul Solet
989549,Lin He Long
129541,Cem Özüduru
849011,Can Emre
27557,Mar Targarona
55831,Tommy O'Haver
923454,Patrick Graham
141462,Isao Yukisada
506711,Yoshiyuki Asai
869523,Lukas Dhont
306360,Kim Hong-sun
1231772,Jesse Lewis Reece
26955,Ritesh Batra
227880,Yeon Sang-ho
23978,George Nolfi
28681,Eli Craig
178281,Chris Moukarbel
813127,Ahn Gil-ho
24449,Conrad Helten
75822,Fumihiko Sori
627807,Sébastien Mounier
50541,Thomas Cailley
3281,Ariel Vromen
295125,Alexandre Espigares
103640,Joram Lürsen
166267,Neeraj Ghaywan
1073700,Kelly Loudenberg
290903,Rob VanAlkemade
1575369,Kazutaka Watanabe
93315,Alistair Legrand
598234,Christine Hartmann
1533901,John Karabelas
281126,Ten Shimoyama
63816,Masaaki Yuasa
25789,Joel Hopkins
18993,Brian A. Miller
10964,Lauren Miller
46141,Axelle Laffont
618321,Kim Byung-soo
786140,Suzanne Coote
275973,Matt Angel
232269,Onur Tukel
253307,Damián Romay
13238,Pat Healy
35815,Shoujirou Nishimi
1243837,Guillaume Renard
57313,Yang Woo-seok
99602,Ahn Pan-seok
979771,Guillermo de Oliveira
124579,Aanand L. Rai
41068,Clay Kaytis
50689,Fred Cavayé
589811,Sandy Johnson
199911,Mandie Fletcher
24990,Joseph Ruben
630204,Kitty Green
353029,Romain Gavras
24284,Lynn Shelton
282443,Joe Ksander
282445,Kevin R. Adams
112665,Myles Kane
112667,Josh Koury
194892,Daniel Sloss
107255,Christoffer Boe
414941,Morgan Pehme
299028,Dylan Bank
656134,Daniel DiMauro
255975,Suttasit Dechintaranarak
640246,Raymie Muzquiz
96142,Stephanie Laing
201444,Esteban Crespo
25510,Tig Notaro
25347,Kenji Kamiyama
333785,Alethea Jones
961656,Christophe Charrier
175889,Thom Zimny
51682,Nathan Frankowski
69510,Jon Alpert
90713,Stephen S. Campanelli
140395,Éléonore Pourriat
38207,Roland Joffé
254741,Michihito Fujii
418874,Mamoru Hoshi
392468,Teruo Noguchi
763902,Kiyoshi Yamamoto
230981,Brent Bonacorso
589316,Ludovic Bernard
65244,Liam Lynch
903489,Yusuke Ishida
903483,Akira Uchikata
903490,Yûsuke Koroyasu
41586,Hiromasa Yonebayashi
148411,Yoshiyuki Momose
352478,Akihiko Yamashita
109500,David Sington
857381,Heather Walsh
335846,Omri Givon
246908,Jessica Dimmock
238177,Drea Cooper
240416,Zackary Canepari
1012500,Alan Hicks
21715,Rashida Jones
406078,Irek Dobrowolski
185519,Peter Hutchings
49538,Fernando González Molina
111677,Pedro Kos
1002287,Duncan McMath
831025,Jun Aoki
831024,Aoi Umeki
23419,James Toback
8117,Mike Birbiglia
16799,Kevin Macdonald
1067344,Mo Wan-il
39517,Neal Brennan
17056,David Lynch
2330,Robert Smigel
64716,Kirby Dick
39576,Paul Dugdale
201616,Vicente Villanueva
60148,Aram Rappaport
348239,Ísold Uggadóttir
318765,Michael Steiner
200498,Ross Venokur
66691,Jon Garaño
421830,Aitor Arregi
133322,Dawn Porter
282452,Hugo Stuven Casasnovas
414598,Yoshitaka Takeuchi
235186,Xiaoxing Yi
881493,Li Haoling
33169,Maya Forbes
10956,Jody Hill
27031,Joshua Marston
320080,David France
651117,Avgousta Zourelidi
65273,Atlee
139218,Alejandro Montiel
65274,A.R. Murugadoss
1217184,Han Dong-hwa
204743,Yüksel Aksu
246959,Alexis Morante
594210,Byun Hyuk
38631,Vlad Yudin
785642,Sabaah Folayan
245303,Heidi Ewing
245304,Rachel Grady
1990356,Laura Brownson
2107703,Jang Hyuk-jae
1103267,Jo Hyo-jin
1103270,Kim Joo-hyung
122255,Craig Johnson
71490,Ricardo de Montreuil
33856,Rob Epstein
33857,Jeffrey Friedman
991826,Lee Sang-yeob
19654,Miguel Ángel Vivas
133364,Richard Gabai
57172,Stephen Tolkin
317797,Carlos Therón
162324,Ian Samuels
48948,Katarina Launing
847103,Yasuto Nishikata
708045,Johnny Castuciano
365379,Roy Burdine
977626,Kang Cheol-Woo
147424,Kitarou Kousaka
247209,Harvey Lowry
189657,Marco Petry
51296,Alex Zamm
42019,Niall Johnson
305367,Tyler Spindel
416818,Seth Henrikson
318643,Patricia Ferreira
183527,Hiroaki Matsuyama
145069,Monique Gardenberg
70632,Daniel Monzón
278461,Álvaro Brechner
18074,Jared Stern
246150,Jessica Yu
263016,Hanno Olderdissen
1019905,Oh Jin-seok
64912,René Liu
1579954,Choi Seong-beom
8673,John Woo
858776,Lee Jong-jae
44333,Errol Morris
160440,Justin G. Dyck
320175,Peter Orton
211592,Gonzalo Bendala
867490,Todd Biermann
275137,Scott McAboy
923763,Ryan Koo
1244324,Chiaki Kon
1649812,Vicente Olivares
1244369,Jesse Lickman
429549,Juan Antin
317586,Robert Kirk
276600,Max Serio
707122,Susan Walter
802026,Derek Peck
64183,Jeff Orlowski
40818,David 'Tosh' Gitonga
318760,Alison Klayman
138629,Rahul Dholakia
46060,Kheiron
250687,Yan Han
644162,Mohamed Ali
142149,Shree Narayan Singh
179261,Marja-Lewis Ryan
233442,Fernando Lebrija
1166988,Anna Zaytseva
36540,Reem Kherici
356389,Kentaro Moriya
42666,David Oelhoffen
702708,Edward Cotterill
13214,Julio Medem
54685,Haifaa al-Mansour
98276,Borja Cobeaga
5640,Jeff Garlin
105686,Christian Zübert
668044,Oded Raz
329518,Fermín Muguruza
68052,Theo Love
1423633,Ravi Udyawar
56786,Mohit Suri
830329,Razaisyam Rashid
1289098,Kroll Azri
116560,Manuel Martín Cuenca
51561,Emmanuel Mouret
127406,Jakob Lass
315591,Jean Bernard Marlin
631,Oliver Schmitz
65375,Ian Cheney
50060,Bille August
379581,Tom Forrest
67823,Rohena Gera
20926,Wim Wenders
51574,Leslie Small
592340,Pierre Coré
70757,Xavier Gens
49421,Erik Matti
87719,Amy Schumer
33155,Detlev Buck
916780,Jeff Daniels
963922,Alvaro Delgado Aparicio
250719,Bert Marcus
49540,Curro Velázquez
59140,Yann Gozlan
230033,Fernando Colomo
14700,Sonny Mallhi
775333,Michael Douglas
739206,Yan Shen
1715529,刘海波
1001516,Marc Fouchard
1150352,Ding Pei
876365,Olivia Newman
15137,Joe Lynch
182970,Daniel Calparsoro
73804,Mike Rohl
206781,Woo Min-ho
719168,Faraday Okoro
6198,Jennifer Morrison
274284,Kim Hong-sun
1322161,Vrinda Samartha
188292,Mikhail Red
1034892,Samer AL Barkawi
1043148,Park Soo-zin
187813,Andreas Pichler
45639,Brian Knappenberger
243787,Ashwiny Iyer Tiwari
80458,Christopher Jenkins
1452769,Lee Seung-Won
51481,Rob Meyer
900116,Jason Perlman
34336,Michael Bonfiglio
247764,Liz Plonka
97723,Brillante Mendoza
133359,Craig Elrod
25004,Mateo Gil
603310,Bobby Roth
637622,Noh Jong-chan
101314,Alexandre Avancini
3217,Vanessa Roth
132338,Agustí Villaronga
683734,Selima Taibi
719270,Eric Abrams
165847,Ram
43582,Charles Stone III
1002683,Aleksey German Jr.
1876920,Andaç Haznedaroğlu
261164,Simon Frederick
748803,Alex Israel
166665,Stefano Savona
353219,Samir Soni
232483,Sara Dosa
48089,Barbara Kopple
167567,Shaz Bennett
67115,John Schultz
313676,Carlo Padial
118156,David Paul Meyer
29739,Robert Vince
936912,Aditya Kripalani
258653,Vinod Kapri
1236871,Jadesola Osiberu
47521,Karsten Kiilerich
73819,Richard Claus
868222,Alberto Arnaut Estrada
59977,Jacob Kornbluth
167745,Sari Gilman
35712,Olivier Marchal
13905,Raz Degan
340955,Johanna Demetrakas
37064,Dany Boon
29280,Isabelle Nanty
72611,Carlos Vermut
930112,Zhu Ruibin
1111070,Cheng Feng
533572,Jim Gable
256633,Chris Howe
756837,Elaine McMillion Sheldon
319247,Andrucha Waddington
1280387,Charlie Askew
1199447,Jérôme Perrillat-Collomb
183254,Rodrigo Grota
238625,Tharun Bhascker Dhaassyam
30728,Dani de la Torre
301763,Lluís Segura
283922,Carlos Armella
214440,Sydney Freeland
316421,Ben Shelton
212982,Abhishek Sharma
47971,Sean Olson
124780,Michael Larnell
263083,Rhiannon Bannenberg
395570,Joseduardo Giordano
407095,Brandon Jones
269874,Damien O'Connor
703489,Cyrus Saidi
923287,Gauravv K. Chawla
886277,Luis Pinheiro
191320,Patryk Vega
892374,Rayka Zehtabchi
63574,Tanuja Chandra
293069,Sudabeh Mortezai
302644,Antonio Morabito
937,Andy Nyman
74275,Andrew O'Connor
187265,Lijo Jose Pellissery
309899,Che Sandoval
272196,Norberto López Amado
613749,Ewan Keil
850322,Tsuyoshi Nakakuki
237432,Elite Zexer
189469,Amal Neerad
201417,Maria Sadowska
244311,Brian Oakes
7000,RZA
111131,Zoe Berriatúa
612891,Jimmy Henderson
926451,Lin Kuan Hui
716048,Sanjib Dey
931395,Steve Paley
64609,Nandita Das
618303,Samu Fuentes
941125,Jesse Handsher
5525,Daryl Hannah
189146,Leopoldo Aguilar
340975,Pablo Giorgelli
194682,Jay Bulger
214768,Abby Epstein
727906,Mag Hsu
1299567,Chih-yen Hsu
246121,Scott Moran
1160858,Sophie Olga de Jong
432946,Sytske Kok
714736,Cal seville
812144,David Mrnka
164688,Diego Cohen
50628,Franck Ribière
119706,Shadab Khan
660626,Rareko
660190,Mandla Dube
907499,Ulises Valencia
18073,Akiva Schaffer
86174,Scott Aukerman
321777,David de Vos
418630,Alessio Cremonini
10216,Anand Tiwari
166700,Min Doo-sik
50647,Kim Joon-Sung
54134,Sergio Barrejón
2103311,장성
350812,Jordan Riber
191482,Mohamed Ben Attia
66166,Pierre Greco
56568,Nancy Florence Savard
714546,Anita Barbosa
282432,Luiz Bolognesi
822934,Harry Chaskin
243810,Kyzza Terrazas
667683,Grant S. Johnson
667682,Ippsie Jones
839276,Zakariya Mohammed
68714,Rizal Mantovani
68562,Eduardo Mendoza de Echave
132218,Sathyan Anthikad
1460462,Ameen Nayfeh
158330,Bradley Walsh
369527,Wi Ding Ho
67560,Sophie Sartain
67559,Roberta Grossman
280791,Tien-Lun Yeh
989188,Hajime Gonno
1034382,Franck Phelizon
951125,Venkatesh Maha
308629,José F. Ortuño
308630,Laura Alvea
295857,Emily Hagins
815300,Chairun Nissa
249457,Leena Yadav
316615,Jota Linares
68192,Michael Barnett
1965814,Jameel Buari
949571,Karim El Sobky
113065,Sebastián Hofmann
682173,Manika Sharma
1053242,Murat Kepez
338789,Tinge Krishnan
9156,Maz Jobrani
113812,Alfons Adetuyi
379861,Nonthakorn Thaweesuk
701350,Daniel Wilner
751130,Wynn Padula
314228,Joshua Izenberg
362206,Eliane Brum
663807,Lygia Barbosa da Silva
31681,Chester Tam
804925,Uraaz Bahl
804932,Shaana Levy
164562,Lucas Figueroa
75906,Ramón Salazar
238033,Raditya Dika
346846,Benjamin Nolot
184310,Shivam Nair
200886,Bryn Evans
9816,Andy Fickman
193125,Anggy Umbara
248812,Bruno Ascenzo
184579,Joanna Lombardi
891482,Tomas L. Brickhill
911380,Fritz Ofner
766743,Pedro Coutinho
179936,Adrián Caetano
308514,Floyd Russ
818679,Maïa Sandoz
1528461,Celia Catunda
1528460,Kiko Mistrorigo
617881,Mario Rouleau
2089413,Édith Jorisch
142616,R. Balki
57599,Brian Klein
191744,Samuel Jouy
236926,Bedran Güzel
627537,Chris Robinson
1279608,Bodunrin Sasore
69823,Kagiso Lediga
2359501,Kim Shin-il
2359702,Jeon Woo-sung
177534,Namron
72756,Javier Ruiz Caldera
948372,Pietro Scappini
282014,Rodrigo Salomón
65002,Shaad Ali
278567,Masatoshi Yamaguchi
779115,Marco Deufemia
291926,Gerardo Herrero Pereda
957377,Phanindra Narsetti
885266,Fulvio Iannucci
1147741,Roly Santos
234463,Matheus Souza
1715212,Karimah Ashadu
20504,Álvaro Longoria
1753274,Jesús Torres Torres
159574,Louis J. Horvitz
134424,Suseenthiran
636756,Scott Zabielski
177714,Adrian Teh
2219991,Steven Rinella
242351,Kim A. Snyder
74401,Julián Hernández
26849,Peter Webber
427259,Lorena Muñoz
950685,Hari Nath
420765,John Hoffman
236109,Nanfu Wang
21220,Judah Friedlander
348411,Yam Laranas
740820,Karim El Shenawy
69606,Raya Martin
26510,Joe Piscatella
352568,Jang Yoo-jung
285509,Marco Risi
670691,Choi Jin-sung
183595,Norihisa Hiranuma
1326091,Ahmed Zain
387493,Shanker Raman
194558,Abhijeet Deshpande
812339,Michał Tylka
185243,Aditya Vikram Sengupta
48467,Genevieve Nnaji
52338,Michel Leclerc
677294,Lee Yoon-jung
1096009,Sarthak Dasgupta
63657,Shreyas Talpade
210443,Toshio Lee
184703,Syamsul Yusof
719271,Fazila Allana
231873,Mahmoud al Massad
157312,Ravi Babu
986799,Andy Caballero
986798,Diego Corsini
97732,Gupse Özay
428272,Anthony Abrams
428273,Adam Larson Broder
271812,Rucha Humnabadkar
812384,Blake Lemons
193153,Kabir Bhatia
323228,Moses Inwang
350155,Teddy Lussi-Modeste
940069,Marcos Bucay
201024,Manoj Beedha
196243,Guntur Soeharjanto
59161,Mamat Khalid
1072062,Ahmed Siddiqui
157746,Marc Eikelenboom
932877,Ahsan Rahim
363906,Shirley Frimpong-Manso
340069,Daniel Gray Longino
260063,Ishaya Bako
206543,Ranjit Jeyakodi
97294,Goro Taniguchi
1010155,Jacob Joice
753271,Barry Gonzalez
358838,Mercedes Cordova
946765,Mariano Baez
117760,Jeannie Gaffigan
325532,Marek Losey
124577,Dhanush
401017,Rodrigo Triana
895435,Vandana Kataria
767864,Rakan Mayasi
923129,Mariana Tschudi
357267,Amr Salah
64710,Stan Lathan
191665,Andy Luo
169151,Paakhi A. Tyrewala
890140,Gaurav Bavdankar
593485,Aditya Sarpotdar
177074,Yacine Belhousse
255004,Roberto Girault
853099,Amit Barot
1951223,Achille Brice
113012,Edwin
230796,Lenin Bharathi
328357,Mostofa Sarwar Farooki
236971,Mohamed Khalifa
788311,Siddhartha Jatla
318559,Michael McKay
202209,Paul Soriano
99552,Jonathan A. Rosenbaum
1324096,William Mitchell
247954,Fernando Ayllón
917750,Rodrigo Toro Solovera
853124,Francisco Schultz
725824,Umut Aral
247955,Andrés Felipe Orjuela
1015547,Shazia Ali Khan
878122,Lucien Bourjeily
945037,Chung Yeong-joon
145776,Halder Gomes
699590,K. M. Sarjun
1819957,Mansore
270271,Jan-Eric Mack
1847911,Gangadhar Salimath
1913424,Leli Maki
341469,Anand Kamalakar
914643,Prasobh VIjayan
241395,José Manuel Colón
263338,Max Amini
750761,Lucy Cohen
980145,Sofie Šustková
1384645,Stephina Zwane
187414,Navaniat Singh
827772,Yoo Byung-jae
141593,Raj Babu
1302822,Kayode Kasum
816436,Kanika Batra
146968,Rako Prijanto
861259,Manish Saini
1119674,Tope Oshin
1013109,Prakash Satam
62785,Kunal Kohli
65354,Jeong Jeong-hwa
638404,Arun Chidambaram
748843,Digo Ricio
334947,Sam Voutas
161431,Müfit Can Saçıntı
1945747,Tariq Alkazim
835112,Josh Wakely
633415,Shady Hanna
1509907,Peter Mimi
236243,Fajar Bustomi
698269,Pidi Baiq
2324792,Richard Valverde
954038,Nikhil Nagesh Bhat
242651,Feroz
1081469,Hasan Aljaberi
1162178,Nisheeta Keni
305623,Anik Dutta
1420443,Mohamed Gamal Al Adl
179099,Juliana Vicente
225143,Chanda Bell
634269,Rana Eid
1973649,Nur Imran Mithu
1596151,Tosin Coker
229349,Rano Karno
1068221,Matthew Kay
7893,Dave Franco
254016,Josh Safdie
254015,Benny Safdie
297519,Tomasz Mandes
194535,Barbara Bialowas
195528,Jason Hehir
30688,Shinji Aramaki
19321,Adrian Grünberg
804120,Adam B. Stein
34157,Zach Lipovsky
5634,Charlie Kaufman
1363391,Philippa Ehrlich
603796,James Reed
32586,Aaron Moorhead
32585,Justin Benson
69347,Brian Kirk
56099,Vince Gilligan
5306,David Dobkin
881504,Kim Yong-wan
809169,Lee Chung-hyun
30820,Jim Mickle
891246,Jessica Swale
160044,Louie Schwartzberg
3074,Michael Bay
25482,J Blakeson
648541,Remi Weekes
1019758,Lee Jung-hyo
1172106,Galder Gaztelu-Urrutia
1283388,Mark Lewis
591352,Matthijs van Heijningen Jr.
87623,Nahnatchka Khan
249253,Harry Bradbeer
32926,André Øvredal
35300,Julia Hart
2163,George Clooney
11146,Gavin Hood
1134094,Grant Sputore
36145,Gina Prince-Bythewood
42951,Rod Lurie
51818,Sam Hargrave
1115053,Dmitry Tyurin
1658946,Måns Mårlind
235113,Luke Sparke
325957,Jonathan Entwistle
1170914,Cho Il
113340,Christopher Alender
64197,Alice Wu
244287,Jenny Gage
16731,Craig Brewer
41126,Farhad Safinia
1498681,Quoc Bao Tran
147488,Kornél Mundruczó
43202,Jeff Chan
37477,Dimitri Logothetis
178176,Kitao Sakurai
941003,Emma Tammi
112738,Jenner Furst
112736,Julia Willoughby Nason
86520,Justin Baldoni
1704,David Oyelowo
31677,Ben Wheatley
1182829,Ka-Lam Chan
446576,Steve Cheng
300924,Justin Dec
111694,Jesse Moss
254359,Chaitanya Tamhane
209870,Rebecca Harrell Tickell
288984,Joshua Tickell
13504,Mike Elliott
10036,Michael Cristofer
22774,George C. Wolfe
47973,Jonas Åkerlund
2041823,Noëlle Raffaele
367494,Karen Maine
17495,Ryan Murphy
265962,Marc Meyers
94326,Tim Fywell
606969,Jennifer Kaytin Robinson
1734122,Ginny Mohler
22721,Lydia Dean Pilcher
47749,Keith Scholey
1382446,Jonathan Hughes
35602,Alastair Fothergill
1496035,Park Shin-woo
79326,Glen Keane
18865,Fernando Meirelles
248530,Jonathan Helpert
29735,Brett Haley
51557,David Pastor
51559,Àlex Pastor
1218540,Elise Duran
812503,Tetsuo Yajima
87510,Gideon Raff
316403,Nicole Newnham
1273453,James Lebrecht
280661,Frant Gwo
331092,Goran Kapetanović
15380,Amy Poehler
1466932,Lisa Bryant
1013576,Antonin Baudry
30456,John R. Leonetti
91929,Samira Radsi
2343215,Will Becher
1155537,Richard Phelan
164378,Josephine Decker
116796,Mati Diop
1020214,Alex Parkinson
1020212,Richard Da Costa
7275,Chiwetel Ejiofor
117290,Stacie Passon
32142,Travis Stevens
615165,Karim Amer
294557,Claire McCarthy
253916,Oh Choong-hwan
667585,Taylor Morden
23221,Vincenzo Natali
265104,Alice Waddington
83555,Kirsten Johnson
2250329,Jenny Popplewell
274414,Jen McGowan
393019,Anwardi Jamil
139962,Wouter Bouvijn
66506,Majid Al Ansari
325297,Jérémy Clapin
68341,Jesse Vile
1716407,Ellena Wood
4909,Sergio Pablos
194899,Marco Pontecorvo
13853,Trish Sie
253520,Chanya Button
1182,Peter Facinelli
231628,Mick Grogan
156978,Giancarlo Sanchez
279492,Michiel ten Horn
67186,Jerry Rothwell
163031,Ayumu Watanabe
40154,Robert Kenner
361464,Taki Oldham
25504,Jeff Baena
64178,Louie Psihoyos
227668,Nely Reguera
291719,Inma Torrente
1435320,Jade Sandberg Wallis
940889,Ricky Staub
1712824,Max Miller
13929,Mary Harron
1149771,David Marmor
29693,Mike Binder
391988,Almudena Carracedo
391989,Robert Bahar
236212,Bartosz M. Kowalski
159650,Nick Rowland
128280,Junichi Sato
1844535,Tomotaka Shibayama
226220,Ed Perkins
111281,Taichi Ishidate
1008658,Geno McDermott
52728,Francesca Gregorini
209171,Geeta Patel
1916,Tony Goldwyn
800926,Lucy Tcherniak
1681,Jon Favreau
25139,Cédric Jimenez
1322983,Emre Sahin
258232,Just Philippot
65541,Edoardo Ponti
59377,Lone Scherfig
701298,Todd Grimes
2111128,Kim ki ho
2110973,Lee jun woo
2111106,Yang jin hee
1554512,Cooper Karl
589285,Kyohei Ishiguro
19895,Ariel Schulman
19896,Henry Joost
14222,Darren Lynn Bousman
594364,Christophe Wagner
7382,Tyler Perry
21632,Robin Bissell
19522,Peter Sullivan
1056091,Shô Miyake
226574,Trivikram Srinivas
299475,Jarand Herdal
140312,Carles Torras
232943,Kim Seong-yoon
886669,Stefon Bristol
39808,Rachel Griffiths
297807,Lana Wilson
431005,Michael Fimognari
1610262,Radha Blank
1233397,Gianluca Leuzzi
1962912,유제원
255463,Stanley Nelson
1077713,Nzingha Stewart
108069,Hong Khaou
22600,Jon Amiel
144332,Matthew Hastings
2023366,Norma Bailey
19387,Callie Khouri
605189,Berkun Oya
734964,Alexandre Laurent
1439225,Takeru Nakajima
1363145,Yoshiyuki Okada
5007,Lance Hool
1631,Shalini Kantayya
1069099,Helena Coan
132499,Ivan Silvestrini
23216,Olivier Assayas
232942,Baek Sang-Hoon
1153272,Jung Jee-hyun
787878,Mehdi Idir
26380,Grand Corps Malade
20779,Eric Bress
180221,Kan Eguchi
44706,Chris Nelson
113213,Bruce Leddy
680514,Jérémie Degruson
27727,Ben Stassen
168956,You Sun-dong
140269,Marvin Kren
318426,Tom Donahue
15463,Kasi Lemmons
438849,DeMane Davis
65458,William Bindley
276335,Masaharu Take
102245,Nicol Paone
101717,Zara Hayes
1147458,Mike Diva
1676833,Christi Cooper
251512,Felix Thompson
383148,Charles Martin
108175,Alex Holmes
295036,Vicky Jewson
1941239,Nathan Wiley
2000216,Hwang Joon-Hyuk
323584,Unjoo Moon
259891,Maïmouna Doucouré
57821,Sion Sono
28178,Kunihiko Yuyama
671210,Kim Jin-woo
59291,Jamie Babbit
17494,Joe Mantello
230853,Luke Snellin
160413,Patrice Laliberté
39743,Gonzalo López-Gallego
300417,Sam Feder
316884,Douglas Attal
366677,Łukasz Kośmicki
258697,Al Campbell
1118042,Alice Mathias
3754,Jason Orley
375436,Matt Aselton
1607290,Nadia Hallgren
245822,Lisa Robinson
1222965,Jake Wyatt
812300,Jenny Goldberg
158710,Stefano Lodovichi
129049,Rebecca Zlotowski
64614,María Ripoll
427035,Adi Barash
427036,Ruthie Shatz
119781,Vicky Wight
111860,Barry Avrich
64704,Billy Corben
57163,Michael Winterbottom
1165871,Yu Yang
185486,Takashi Doscher
170954,Sandra Restrepo
787502,Yu In-sik
1538978,Ángel Gómez Hernández
123043,Cindy Chupack
1736595,Peter Fison
1853495,Jo Harvey
1463117,Hannah Hoare
342224,Ingrid Kvale
842610,Bill Markham
1853534,Alex Minton
1050822,Mateo Willis
255252,Don Argott
255253,Sheena M. Joyce
450613,Michelle Johnston
301457,Chung Mong-Hong
268929,Erin Lee Carr
19813,M.J. Bassett
88834,David Pablos
49746,Sujata Day
139325,David Galán Galindo
119990,Pablo Agüero
130050,Michael Scott
52742,Adam Bolt
73757,Christian Robinson
637512,Lee Jae-hoon
1383561,Chris Bolan
12242,Wash Westmoreland
1553173,Ken Cunningham
1552516,Andrew Duncan
50405,Keoni Waxman
232677,Igor Gotesman
54911,Alan Yang
163420,Rachel Lears
603028,Shinya Sugai
1505492,Kuang-Hui Liu
297630,Francis Whately
738431,LP
352698,Fabrice Gobert
605280,Felix Binder
158489,Guillaume Nicloux
384925,Peter Galison
88513,Donick Cary
690957,Rik Reinholdtsen
104871,Chris Lilley
237745,Monika Mitchell
1046901,Mikhail Lokshin
195918,Yoon Sung-hyun
290914,Nora Fingscheidt
40657,Gilles Marchand
236478,Ed Burke
34770,Beyoncé
1714680,AlexxMedia
55776,Nicholaus Goossen
25042,Matthew Michael Carnahan
326781,Julien Abraham
1575679,Kim Min-gyeong
50031,Yuval Adler
347103,Kelly Duane de la Vega
22234,Dean Craig
280344,Sanjay Rawal
147371,Marc Vigil
255205,Simon Lupton
67688,Christopher Bird
729964,Serge Ou
325626,Fernando Frias
357930,Cosmo Segurson
93319,Joe Murray
25777,Laurent Lafitte
295415,Cüneyt Kaya
84907,Prentice Penny
1790441,Kim Hee-won
22977,Mark Steven Johnson
22243,Reinhard Klooss
143161,Archie Borders
118978,Hannu Salonen
1734052,Steve Evangelatos
1729834,Jan Belcl
97976,Yoshiharu Ashino
127421,Jeff Tomsic
1329393,Sebastian DiNatale
380904,Adrian Bol
1420663,Jeon Chang-geun
258244,Jeferson De
690250,Alejandro Hartmann
1396414,Amy Segal
202101,Justin Webster
426760,Ruchi Narain
364219,Lankyboy
269916,Mehmet Ada Öztekin
127816,Shaun Paul Piccinino
323632,Olivier Abbou
127297,Matt Eskandari
113202,Lee Kyoung-mi
108483,Laura Terruso
1324702,Francesco Lettieri
381984,Aaron Lieber
1307675,Brent Dawes
1232873,Domenico Emanuele de Feudis
201464,Michael Govier
589225,Will McCormack
1317273,Merawi Gerima
375672,Elissa Down
184159,Leslie Woodhead
36618,Michael Dowse
312779,Krysia Plonka
279363,Bernardo Arellano
225117,Jan Komasa
23219,Isabel Coixet
319856,Francesco Amato
230679,Sydney Sibilia
1141112,Mark Ritchie
867990,Denis Do
846853,Rachel Mason
39532,Miranda de Pencier
1625314,Michael McKay
239146,Eva Orner
34413,Gillian Robespierre
84945,Michael Duggan
66638,Sam Dunn
139152,Thiagarajan Kumararaja
1509187,Sue Kim
62200,Sophon Sakdaphisit
414974,Phil Bertelsen
355324,Rachel Dretzin
180215,Doug Shultz
59571,Philip Barantini
11209,Cláudio Torres
1403146,José Larraza
1403149,Marc Pons
1754286,Han Hyun-hee
637480,Kang Il-soo
60167,Jang Jae-hyun
331767,Picky Talarico
271238,Kranthi Madhav
109542,Anvita Dutt
59828,Luis Alfaro
1390367,Pablo Lejarreta
412202,Tade Ogidan
1479856,Pablo González
271084,Camilo Salazar Prince
1353965,Farah Nabulsi
256619,Phillip Michael Youmans
300832,Stefan Westerwelle
285642,Sujeeth
200534,Ashwin Saravanan
117114,Coodie Simmons
117115,Chike Ozah
200401,Marina Seresesky
1255988,Camila Ibarra
1140351,Raúl Caballero
1255672,Agustin Ortiz
46874,Numa Perrier
1018915,Kevin Johnson
172962,Matías Gueilburt
1206894,Sophia Nahli Allison
1622332,Nam Geon
236590,Ian Bonhôte
53996,Peter Ettedgui
808171,Cristina Costantini
1179933,Kareem Tabsch
860233,Jang Tae-yoo
1153263,Kwon Young-il
1501841,Freddie Waters
1063231,Xu Heshen
74176,Deepa Mehta
1080864,Haruka Fujita
49519,Martin Wood
919023,Shelly Chopra Dhar
962815,Wu Qiang
340013,Tomer Eshed
56015,Kenny Leon
711902,Michael Civille
236762,Neal Wu
828429,Venky Kudumula
251023,Bruno Garotti
917764,Jody Margolin Hahn
2354,Chris Columbus
643513,Lucas Santa Ana
255269,Ludovico Di Martino
61363,Guo Jingming
46591,Emir Kusturica
231874,Marco Bonfanti
1133439,Yoo Jong-sun
57065,Carlos Sorín
979709,Leila Sy
681165,Kery James
1891,Clark Johnson
159610,Yuki Tanada
1202297,Cha Young-hoon
63672,Shirish Kunder
1236673,Yeo Siew Hua
5892,Olivier Megaton
271548,Takeshi Fukunaga
345439,Hikari
32023,Lee Jeong-beom
226132,Renato De Maria
1414314,Niccolò Celaia
1414311,Antonio Usbergo
286460,Patricia Font
5024,Maïwenn
1378617,Francisco Macri
1120300,Zhang Chong
269821,Sharon Shattuck
1170006,Olivier Afonso
337575,Lee Hyung-min
873354,Santiago Limón
240494,Katina Medina Mora
271008,Catalina Aguilar Mastretta
48824,Daniel Sánchez Arévalo
66690,Jose Mari Goenaga
1504442,David Chuang
1427892,Chen Kuan-chung
271436,Santiago Alvarado
2022586,Onur Bilgetay
119435,Albert Solé
1070479,Sabina Fedeli
1145945,Anna Migotto
357641,Denis Rovira van Boekholt
750065,Sandeep Reddy Vanga
595438,Rima Das
25884,Greg Pritikin
148741,Alberto Lecchi
49351,Ron Oliver
206162,Angus MacQueen
352344,Wagner de Assis
194902,Vasan Bala
7328,Fab 5 Freddy
227610,César Rodrigues
173881,Matthias Temmermans
784933,Daniel H. Birman
298839,Hao Wu
220193,Henri Wong
1651910,V. Vignarajan
1070162,Ángeles Reiné
1656118,Jan-Peter Horns
760798,Kim Do-hyung
186349,Jung Ji-woo
127699,Conor Allyn
183257,Daniel Prochaska
319878,Mika Ninagawa
161211,Brian Skiba
1282914,Matthew Killip
1635488,Alice Filippi
1424733,Estevan Oriol
288141,Alex Burunova
258024,Seema Pahwa
193222,Akhil Paul
1350403,Anas Khan
64751,Sujoy Ghosh
184684,Tatsushi Ōmori
1264101,Gil Baroni
38939,Mike Gunther
49336,Hallvard Bræin
167332,Isabel Sandoval
169436,Oliver Kienle
323409,Yin-jung Chen
1426427,Gaspar Antillo
1100212,Kang Chul Woo
971813,Ulrike Kofler
1147388,Jesús Braceras
293294,Gabriel Nicoli
114227,Jan Peter
160681,Georg Tschurtschenthaler
1020613,Abhijit Panse
67789,Shonali Bose
191608,Matt D'Elia
1167915,Anastasiya Ostapenko
51001,Julien Leclercq
182854,Joe Robert Cole
1747322,Enah Johnscott
37293,Alex Ranarivelo
839165,Elisabeth Vogler
198532,Marcos Carnevale
1128703,Fred Ouro Preto
841435,Travis Scott
831119,White Trash Tyler
15379,Gregory Jacobs
16300,Natasha Lyonne
121755,Huw Cordey
321916,Juan Carlos Rulfo
315143,Nikhil Mahajan
276568,Miguel Cohan
172619,Tobi Baumann
342062,Tim Neeves
1578929,Ivan Ayr
36471,Rachel Talalay
706537,Sabrina Rochelle Kalangie
63464,Akarsh Khurana
55184,Cory Edwards
92978,Stephanie Turner
1235112,Masahito Kobayashi
333164,Stuart Sender
87950,Kirk Wise
68494,Javier Colinas
1340705,Cho Nam-guk
167243,Kate Miles Melville
414373,Jumpei Mizusaki
1230671,Anissa Bonnefont
64957,Linda Mendoza
1356434,Luis Alejandro Pérez
1650232,James Tovell
11709,Steve Bencich
1205586,Eric Cabello
190589,Neri Parenti
8192,James D. Stern
12676,Fernando Villena
326685,Max McGuire
200689,Yibrán Asuad
1321577,Juani Libonatti
1095843,Christopher Amos
699032,Stella Corradi
164231,Thomas Sieben
171167,Xavier Durringer
115591,Ross Boyask
1591505,Pailin Wedel
41239,William Kaufman
85063,Semi Chellas
186229,Gabriel Nuncio
279892,Andrés Clariond
161306,Karthik Subbaraj
69060,Louise Alston
661415,Hayden Guppy
1081821,Jorge M. Fontana
317430,Alfonso Cortés-Cavanillas
1224103,Emcy Joseph
13050,Franziska Meyer Price
254080,Pedring Lopez
395972,Kepa Sojo
1216826,Salvador Espinosa
176086,Ladislas Chollat
969882,Frank Ariza
611302,Hardik Mehta
1501859,Ahn Byoung-wook
1382874,Johnny Belt
1784470,Jack C. Thomas
939796,Dallas Jackson
1360859,Joseph Chen-Chieh Hsu
55521,Gabriela Tagliavini
263319,Nawapol Thamrongrattanarit
31791,Vidhu Vinod Chopra
254616,Luis Javier Henaine
718603,Svetlana Cvetko
308306,Daniel Arasanz
39469,Teddy Chan
796919,Byun Gyu-ri
311742,Grant Singer
1617409,Terrie Samundra
1746681,Frank E. Abney III
299824,Sonam Nair
917985,Sharan Sharma
1437285,Pedro Flores Maldonado
883868,Jos Humphrey
800277,Kenny Park
2329963,Anna Wieczur-Bluszcz
1353570,Lester Hsi
271112,Eric Notarnicola
1232098,Arati Kadav
64438,Anubhav Sinha
69221,Yulene Olaizola
47097,Reginald Hudlin
309801,Kristine Samuelson
279878,John Haptas
653831,Mikhil Musale
1273960,Sekhar Reddy Yerra
358009,Vishwesh Krishnamoorthy
193726,Mark Verkerk
300128,Ramsey Nouah
1381783,Marlene Melchior
420676,Jeff Deverett
137192,J. Patrick Arbeiter
203553,Roberto Santucci
1077744,Oliver Bokelberg
1086922,Jeremiah Jones
16650,David Benioff
32456,D.B. Weiss
1555883,Richard van't Riet
1752479,Byeon Hee-sun
1177434,Keisuke Ide
159472,Brett Hedlund
226239,Matias Mariani
322278,Pepe Bojórquez
1265288,Rosa Marquez
1265286,Marta Jaenes
1068809,Sitisiri Mongkolsiri
1030550,Phil Burgers
841235,Morgan Ingari
1314218,Navjot Gulati
1097792,Alaa Eddine Aljem
912224,Sam Rega
1978797,주둥닝
161482,Randall Lobb
253546,Lingo Hsieh
91394,Julien War
91393,Rémy Four
1308573,Akira Saitoh
347301,Pass Pattanakumjon
1291054,Nikhil Pherwani
325878,Julia Knowles
368513,Robby Grewal
344390,Alankrita Shrivastava
303773,Andibachtiar Yusuf
1415526,Leslye Davis
1415023,Catrin Einhorn
297763,Leticia Jorge
418088,Aruna Raje
889093,Francisco D'Eufemia
1228992,Udai Singh Pawar
1255724,Samit Basu
134368,Ramon Térmens
307552,Bassam Tariq
1276495,Kittiphak Thongauam
1294333,Anoop Sathyan
79437,Robert Moresco
170547,Ramesh Sippy
191402,Khalid Rahman
1570112,Maradona Dias Dos Santos
256416,Chris Roland
2027102,Tosin Igho
1368777,Pedro de Echave
1394809,Pablo Azorín
1387310,José Gómez
1320404,Carlos Morett
74476,Blanche Gardin
1291639,Xavier Maingon
1304815,Marc-Antoine Hélard
1707389,Abir Sengupta
178560,Kanwal Sethi
1560830,Hana Al Omair
1942169,Chin Jung Chang
26102,Mike Doyle
1506182,August Jakobsson
49610,Erik White
265990,Luis Ara
1269937,Ignacio Jaunsolo
1629129,Seung Woo Cha
186301,Carlos Moreno
296413,Chia-Lin Chu
642677,K. Rajagopal
247479,Teng Hua-Tao
1278410,Fabio Ock
832528,Joana Mazzuchelli
1964270,박소연
844210,Debbie Rao
160651,Sharmeen Obaid-Chinoy
104987,Girish Malik
1511385,Kristian Mercado
158963,Rahul Ravindran
194071,Rodrigo Reyes
315923,Sammaria Simanjuntak
240919,B. V. Nandini Reddy
67981,Sam Cullman
270481,Bent-Jorgen Perlmutt
1260333,Gagan Puri
1240211,Debamitra Biswal
1335121,Francesco Carnesecchi
1166257,Takuma Sato
165470,Jeethu Joseph
1968580,Qi Xiaohui
144400,Peter Tsi
196662,Kevin Ko
1953944,Amanda Raymond
723678,Manu Ashokan
783835,Prateek Vats
1013852,Manolo Caro
595540,Nicholas Kharkongor
596816,Rudge Campos
596815,Júnior Carelli
1273927,Athiyan Athirai
1075010,Alex Dell
1272497,Vinay Bharadwaj
1302796,Stanley Moore
1302215,Alex Woo
916239,Mauro Scandolari
1377276,Francesco Imperato
285459,Sơn Tùng M-TP
324377,Otilia Portillo Padua
1583996,Salva Romero
955673,Soudade Kaadan
277066,Halitha Shameem
595600,Page Hurwitz
597312,Abba Makama
1092831,Jayan Moodley
191389,Gustavo Ron
676501,TT the Artist
123176,Alejandro Fernández Almendras
238046,Yuki Yamato
821467,Diego Pignataro
1290996,Sneha Taurani
1525678,Frank Nataf
315802,Thierry Gautier
347715,Sylvain LEDUC
328245,Luciana Kaplan
1537912,Rethabile Ramaphakela
1537798,Katleho Ramaphakela
293189,Nero Ng
1538670,Mayye Zayed
1676683,William Jackson
1989175,지뢰
812336,Robbie Countryman
139643,Narendra Nath
1125713,Muh Chen
1116246,Andres Feddersen
947691,Arjun Jandyala
1173334,Camille Shooshani
1279205,Kevin Wotton
304265,Neeraj Udhwani
1322745,Sibusiso Khuzwayo
69492,Atul Sabharwal
1539289,Todd Kauffman
180447,Mark Thornton
1344,Vir Das
344364,Ajay Bhuyan
369588,Glen Goei
630039,Gavin Yap
1329183,Alex Minton
264963,Sterlin Harjo
2334062,Joey So
331623,Alessandro Angulo
1466773,Apurva Dhar Badgaiyann
1148421,KVR Mahendra
1190751,Rai Yuvraj Bains
376868,Sooni Taraporevala
257475,Chandra Liow
1200162,Susan Youssef
1539288,Mark Thornton
336641,Alex Stapleton
1171252,Firas Khoury
406097,Gitanjali Rao
227001,Shanavas K Bavakkutty
1023252,Lucas Margutti
850586,Lindsey Cordero
383289,Armando Croda
2088374,Adeola Osunkojo
1484930,Pablo Aulita
860860,Yasir Al-Yasiri
795897,Neville Shah
2021044,Marie Clements
1179277,Lina Al Abed
324181,Josh Aronson
1228195,Billy Lyons
2201768,Fiona Woodman
315555,Funke Akindele
326715,Elisa Fuksas
158334,Federico Veiroj
1239937,Victor Gatonye
369224,Juan Camilo Pinzón
590030,Chinaza Onuzo
315163,Lasja Fauzia Susatyo
1035130,Pia Sukanya
592641,Jeo Baby
1713682,Timothy Ware-Hill
1327664,Arnon Manor
1413199,Paco Aguilar
158298,Prime Cruz
988644,Oluseyi Asurf
363630,Madhumita
671379,Stéphane de Freitas
601818,Rod Cabataña Marmol
754438,Jean-François Blais
424372,Marla Ancheta
1717859,Toby Parkinson
275382,Han Han
613374,Mana Yasuda
1308711,Shen Qinyuan
934831,Florent Bodin
171186,Ezel Akay
1491511,Bigflo
1285682,Oli
1774203,Ravi L. Bharwani
146668,R. Parthiban
1669829,Adriano Rudiman
1338460,Peerapol Kirdjareun
1145325,Raj Rachakonda
1062894,Swapnaneel Jayakar
772256,Mahmoud Karim
926410,Raju Saravanan
690875,Jon Rudberg
141099,David Batra
813564,Otoja Abit
1154847,Harold Harris
1962840,Seyi Babatope
866604,Tunde Apalowo
247998,Angga Dwimas Sasongko
141210,Victor Vũ
776231,Renata Terra
158325,Liu Chang
2099021,Suhas Kadav
265791,Adrian Teh
242209,Vijay Kumar
316466,Vijay Kumar Arora
1554688,Shamzu Zayba
298758,Donnie Lai Cheun-Yu
832040,Ramy Imam
1448328,Safdar rahman
176791,Yoruba Richen
262193,Trisha Ziff
294369,Elle-Máijá Tailfeathers
191907,Kathleen Hepburn
1327983,Kathryn Fasegha
1381525,Sue Ding
904053,Tuğçe Soysop
1289666,Othman Abu Laban
212508,Bashir El Deek
1165542,Shubham Singh
1194860,Wang Ding-Lin
289600,Mangesh Hadawale
1224698,Basava Shankar
360564,Martín Sastre
1381967,Hany Alshaibany
589555,Tanvir Ahsan
1119505,Syed Ahmed Shawki
1119508,Rahat Rahman
1119500,Mahmudul Islam
1119504,Nuhash Humayun
1119509,Krishnendu Chattopadhyay
1119501,Robiul Alam Robi
1119510,Abdullah Al Noor
1119513,Golam Kibria
1119512,Mir Mokarram Hossain
1119514,Saleh Sobhan Auneem
1850450,Marwan Nabil
1659024,Nadine Ibrahim
2033320,Saurabh Sinha
1967273,Femi D. Ogunsanwo
826404,Huang Hsin-Yao
1077217,Malik Nejer
1387590,Anand Ravichandran
234503,Monica Floyd
322513,Shunsuke Kariyama
1185490,Tanawat Aiemjinda
1230108,Ertanto Robby Soediskam
85751,Darragh O’Connell
1147784,Archie Hekagery
1255999,Angshuman Ghosh
281903,Daniel Chan Yee-Heng
1552742,Anna Stone
1628439,Akshay Shankar
1628577,Pavitra Chalam
1496820,Akhigbe Ilozobhie
1561765,Josiah Ng
875402,Karthik Venugopalan
1796489,Hamisha Daryani Ahuja
1716544,Jenn Rogan
247054,Pankaj Batra
1253353,Hamad AlSarraf
954517,Florian Schott
1748876,Ramiro Martinez
1326763,Mostafa Abou Seif
248003,M. Irfan Ramli
1793832,Saron Sakina
1385190,Selçuk Metin
305436,Richard Arellano
1339585,Faris Godus
266658,Makarand Mane
1164424,Tim Noonan
1279135,Elsa Flores Almaraz
109273,Richard Montoya
1975912,Tolulope Itegboje
1246186,Naman Nitin Mukesh
958590,Srivinay Salian
898837,Abhijit Kokate
993148,Aijaz Khan
154182,Hatem Ali
595551,Herman Yau
700186,Yandy Laurens
1023591,Udoka Oyeka
889382,Jastis Arimba
1909087,Samuel Olatunji
1387587,Milton Horowitz
1105471,Mangesh Kanthale
1086864,So Man-Chung
640067,Farishad Latjuba
10211,Mahesh Manjrekar
1618383,Arpan Sarkar
1618245,Shyamal Chaulia
1509670,Weica Wang
229014,Chakri Toleti
243105,Jaime P. Habac Jr.
157714,Rae Red
278401,Percival M. Intalan
254006,Ali Yorgancıoğlu
86707,Tim Kirkby
590681,Shawn Levy
31941,John Madden
31231,Jane Campion
1013639,Minkie Spiro
143386,Toby Meakins
593002,Peter Sollett
8555,Judd Apatow
116922,Lin-Manuel Miranda
10195,Richard Linklater
31405,Michael Lehmann
17793,Will Gluck
336944,Emma Cooper
350631,Adam Berg
125483,Tetsuro Araki
15060,Maggie Gyllenhaal
139506,Michael Rianda
8905,Rawson Marshall Thurber
103822,Nick Rosen
387166,Peter Mortimer
296037,Jeymes Samuel
2331571,Lucie Jourdan
67900,Peter Flinth
274954,JQ Lee
2106701,Kim Nam-soo
11161,Paloma Baeza
162110,Niki Lindroth von Bahr
385667,Marc James Roels
304190,Emma De Swaef
43966,Elizabeth Chai Vasarhelyi
43964,Jimmy Chin
58785,Kim Farrant
945933,Sofia Alvarez
62308,Tim Fehlbaum
80234,Katt Shea
7900,Louis Leterrier
278687,Christopher Ashley
15611,Paolo Sorrentino
271970,Julien Despaux
272971,Émilie Noblet
71356,James Ashcroft
1287699,Felicity Morris
819928,Choi Hang-yong
1069117,SK Dale
242191,Domini Hofmann
1066062,"Mandlakayise Walter Dube, Jr."
280308,Kim Tae-yun
142171,Christian Schwochow
1566353,David Blue Garcia
8226,Rebecca Hall
65889,Rory Kennedy
237388,Anna van der Heide
178852,Tomas Kaan
41959,Matthias Schweighöfer
49431,Navot Papushado
160223,Maurice Trouwborst
13590,Edgar Wright
590921,Kim Sok-yun
885769,Torquil Jones
354355,Rojda Sekersöz
840825,Ian Derry
17713,Alexandre Aja
1887786,Suzanne Joe Kai
29678,Mike Barker
335849,Rotem Shamir
1400596,Neasa Hardiman
16681,Jean-Pierre Jeunet
394013,Luke Sewell
1751,Cedric Nicolas-Troyan
234346,Ariel Winograd
76718,David Yarovesky
2238904,Cyprian T. Olencki
1899527,Fansu Njie
234391,Mira Thiel
192030,Santiago Menghini
1518759,Radha Krishna Kumar
273329,Paco Caballero
363792,Adam Geiger
329835,Charles Kinnane
1636595,Daniel Kinnane
1258653,Riccardo Antonaroli
162230,Castille Landon
383301,Na Hyun
21953,Jaume Balagueró
2312500,Katarzyna Szyngiera
100785,Simon Stone
10710,Peter Winther
1983945,Han Kwang-il
246997,Tatiana Huezo
954232,Andrew Baird
26285,Peter Thorwarth
94424,Jorge Dorado
74986,Carles Torrens
86236,Adam Salky
773077,Robert Cullen
1421134,Edward Drake
367083,Emre Sahin
851750,Nelson Dilipkumar
160831,Kim Seong-hun
675713,Patrick Imbert
14135,Kirk DeMicco
10050,Jonathan Hensleigh
1261229,Daniel Ojari
163917,Michael Please
2324382,Mike Lavin
40583,Leigh Janiak
1026671,Alex Cabral
197465,Marçal Forés
86518,Josh Lawson
767791,Hernán Jiménez
1066887,Yoo Je-won
158614,Joe Penna
230786,Anshai Lal
2306720,Atul Mongia
24946,Shari Springer Berman
24947,Robert Pulcini
28379,Roel Reiné
47871,Robert Greene
1959810,La Ha-na
2809,Halle Berry
59658,Jo Sung-hee
250298,Augustine Frizzell
749709,Kim Joung-hoon
204172,John Dower
293137,Colin Barnicle
68633,Joshua Rofé
12686,Jim Gaffigan
435492,Luke Holland
68544,Roger Ross Williams
23471,Austin Stark
48795,Sam Levinson
55667,Ramin Bahrani
1845995,Ali Tabrizi
2157947,Yuko Hakoda
131886,Takeo Kikuchi
10822,Paul Weitz
430881,Harry Cripps
1692039,Claire Knight
1253728,Paolo Strippoli
1108555,Roberto De Feo
255218,Ferdinando Cito Filomarino
949851,Alexandre Moratto
229068,Vysakh
111433,Magnus Martens
949886,Tushar Jalota
603702,Dave McCary
1920795,Raj Singh Chaudhary
32409,Claudia Llosa
29887,Matt Thompson
120670,Matthew Ogens
180171,Park Hyun-jin
1744707,Mark Lo
117206,Ben Sombogaart
2032827,Kim Sang-ho
191577,Kevin McManus
191578,Matthew McManus
1717996,Jang Young Woo
214799,Mariem Pérez Riera
2291950,Jin Dal-rae
2291848,Jung Min-gyeong
2291874,Moon Jeon-kwon
2291830,Kim So-jin
2291961,Shin Eun-ju
2099198,Brian Andrew Mendoza
68457,Stefano Cipani
1145248,Swaroop RSJ
706706,Eamonn Butler
2308,Dave Rosenbaum
1043502,Rob Sixsmith
1547788,Vanessa Nöcker
809946,Michael Wech
288723,Hanns-Bruno Kammertöns
1949195,Chris Appelhans
1248604,Qiu Zhongwei
1031749,Amp Wong
228262,Julio Quintana
233719,Anna Elizabeth James
257865,Onur Saylak
26133,Kim Gatewood
97045,Rick Jacobson
12627,Daniel Farrands
1082683,David Charles Rodrigues
1066885,Kim Ga-ram
16133,Michael Mayer
265393,Basil Joseph
30395,Philip Koch
140611,Florian Baxmeyer
995111,Jude Weng
1297373,Lizzie Kempton
1488419,Miles Blayden-Ryall
1602269,Alex Kiehl
2141896,Georgina Cammalleri
785460,James House
1820411,Stephen Scott
185147,Paris Dylan
291753,Sam Hobkinson
352743,Kellie Madison
156925,Valerie Weiss
1375617,Jack Clough
225490,Josh Ruben
1153271,Sim Na-yeon
279470,Andy Coyle
274373,Mike Hostench
270263,Pietro Loprieno
41199,Felix Fuchssteiner
41200,Katharina Schöde
124537,Rush Sturges
5493,David Silverman
2004527,Eva Müller
2115420,Kim Yoon Jin
243574,Wregas Bhanuteja
2140408,Kristine Stolakis
1960979,Ruchir Arun
827184,Tahira Kashyap
761114,Jaydeep Sarkar
195612,Juuso Syrjä
112496,Emily Ting
11696,Fred Wolf
71207,Dani de la Orden
187205,Eduardo Chapero-Jackson
1826711,Justin P. Lange
2086146,Vojtech Filcev
2086384,Petr Vachler
4485,Ben Falcone
296514,Kim Sung-ho
967765,Dave Needham
973379,Lee Jung-heum
182741,Jin Hyuk
1959909,Kim Seung-ho
2246802,Akira Ooshima
242963,Marco S. Puccioni
2132316,Vinay Waikul
1750367,Steve Cox
761991,Johane Matte
398269,Francisco Ruiz Velasco
763556,Andrew L. Schmidt
254542,Piotr Domalewski
724276,Türkan Derya
250754,Alessio Maria Federici
124464,Donovan Marsh
9233,Chris Rock
258262,Annette Baumeister
2081855,Wilfried Huismann
834952,David Tryhorn
1756805,Ben Nicholas
196352,Michael Harte
1009136,Andrea De Sica
1185454,Lucía Alemany
938496,Elizabeth Mirzaei
938498,Gulistan Mirzaei
1044859,Karishma Kohli
149138,Ryuichi Hiroki
185619,Anthony Mandler
272856,Reinaldo Marcus Green
99936,Shuko Murase
8942,James DeMonaco
234353,Ram Madhvani
170999,Wisit Sasanatieng
124506,Roni Ezra
257781,Roman White
51558,Lluís Quílez
284095,Lien Yi-Chi
2328518,Elías León Siminiani
1014984,Phil Allora
1086010,Jae Woo Kim
157010,Cecilia Verheyden
85881,Marco Tullio Giordana
108240,Jorge Torregrossa
1122542,Kim Tae-hyoung
700992,Manjari Makijany
57101,Glendyn Ivin
322420,Manuel Pureza
1893090,Greig Cameron
206666,Andres Beltran
191646,Rafa Martínez
1953890,Thanabodee Uawithya
136322,Adirek Wattaleela
1953949,Sita Likitvanichkul
1954040,Apirak Samudkitpaisan
1597508,Jetarin Ratanaserikiat
646068,Simone Godano
31968,Bradley Parker
1023428,Claudio Norza
254402,Renée Godfrey
91392,David Charhon
1909214,Jon Clay
241966,Denis Imbert
1343104,Aakash Bhatia
732045,Fredrick Munk
2294335,Jaime Barbosa
213412,Jorge Durán
828322,Valerie Bisscheroux
1427086,Sean Doherty
1339263,Kalina Alabrudzińska
250110,Nobuhiro Doi
1528942,Yohei Miyazaki
135372,Tiwa Moeithaisong
1061265,Júlia Pacheco Jordão
1804098,Luis Carone
1919687,Ben Simms
718602,Marcus A. Clarke
900715,Fiona Roan
1803912,Max Jabs
207953,Juana Macías
68844,Yoshihiro Fukagawa
1122250,Maciej Kawulski
631965,Oleg Trofim
319638,Michiko Namiki
230357,Bilall Fallah
601875,Mathieu Mortelmans
230356,Adil El Arbi
2257001,Rahul Nair
402611,Gunnar Weber
194772,James Redford
39803,Roy Chow Hin-Yeung
1046298,Brinda
813354,Michał Rogalski
1993247,Daria Bukvic
1374939,Ashley Eakin
225752,Ingvild Søderlind
250797,Han Jun-hee
20730,Peter Chelsom
644799,Lee Na-jeong
1966102,오승열
2263034,Jaimie Selke
22443,Takashi Shimizu
2208804,Jorge Edelstein
88113,Travon Free
255554,Martin Desmond Roe
925892,Jonathon Link
186070,Katarzyna Klimkiewicz
42513,Nicolas Cuche
285285,Rahul Sankrityan
730237,Barbara Wiltshire
265541,Patrick Forbes
363870,Laura Fairrie
260608,Tània Balló
446034,Lloyd Stanton
317117,Paul Toogood
318797,Sylvie Verheyde
104119,Betsy Thomas
2017936,Mateusz Rakowicz
42159,Philippe Martinez
44948,Mick Davis
1753026,Lee Hyun-seok
56726,Gary Chiu Cheun-Sing
2082159,Li Hong Yu
1273945,Jones Wah-Kon Ma
994783,Alex Van Wagner
105948,Alain Darborg
2112940,Yoshihiro Mori
681627,Shady El-Hamus
758278,Letizia Lamartire
433041,Mike Connolly
1231072,Takana Shirai
291804,Ainsley Gardiner
317748,Briar Grace Smith
290972,Zhao Ji
827868,Asit Kumarr Modi
1853595,Cassi Simonds
1935314,Davide Gambino
1984086,Scott Pleydell-Pearce
143208,Miguel Alexandre
852997,Kim Tae-ho
298233,Li Weiran
395716,Jo Young Kwang
95760,Emmett Malloy
8030,Agam Darshi
129683,Daniel Sivan
252020,Mor Loushy
54723,Clare Lewins
1253934,Alfonso Johnson
1904729,Shantrelle P. Lewis
80780,Ryan Crego
1603809,Kwon Ik-jun
1603802,Kim Jung-sik
1636639,Michael Milano
256586,Santhosh Viswanath
1414429,Massimiliano Camaiti
592575,Claudia Huaiquimilla
2144584,Patricia Tourancheau
39125,Mona Achache
781400,Steve Yamamoto
2222711,Yuichiro Saeki
644298,Hibiki Yoshizaki
1830626,Nobutaka Yoda
2222740,Waboku
212973,Sivaroj Kongsakul
595905,Ricky Ko
747464,Can Ulkay
324589,Stephan Zlotescu
321045,Piotr Mularuk
1821917,Joe Guidry
2205191,Nerina de Jager
409703,Lee Kae-byeok
251102,Cheng Wei-Hao
1629029,John Leo D. Garcia
277285,Jin Mo-young
347583,Carolina Sá
300892,Deepti Kakkar
300891,Fahad Mustafa
1837728,Hikaru Toda
335006,Chico Pereira
2204780,Saahil Chhabria
1603325,Rocco Ricciardulli
67622,Álvaro Fernández Armero
289598,Laxman Utekar
162291,Daniel Vernon
246370,Kishore Tirumala
28862,Aleksey Tsitsilin
1819378,Alex Kamb
51076,Crystal Moselle
246837,Bhaskar
1693208,Roberto Capucci
78984,Daniel Benmayor
387752,Paween Purijitpanya
180211,Ale McHaddo
1178564,Nick Robinson
240575,Lukasz Grzegorzek
735738,Emre Kabakuşak
596806,Eliza Capai
193316,Gekidan Hitori
1239922,James Bowman
1236722,Mike Hollingsworth
1822538,Maribel Sánchez-Maroto
1348916,Rodrigo Astiz
2297297,Nikolas Fonseca
2298293,Daniel Billio
1201185,Veronica Andersson
454555,Maciej Ślesicki
2022521,Mateusz Motyka
2022564,Filip Hillesland
1913379,Pratik Patra
1666278,Prashant Raj
1917289,Trey Fanjoy
1449158,Jui-Chih Chiang
305471,Steven K. Tsuchida
67385,Siva
1420737,Mario Briongos
1651071,Chen-Hao Yin
1062819,Vivek Soni
726116,Aram van de Rest
252210,Appie Boudellah
1258991,Raj Mehta
66930,Kayoze Irani
2140886,Felix De Valdivia
946344,Roberto Hernández
169637,Pedro Antônio
2077132,Franz Kirchner
117299,Julia von Heinz
446979,Filip Zylber
1836865,Sarah Noah
176927,Rick Suvalle
65942,Jeremy Grant
163491,Cris D'amato
146631,Helena Bergström
1217066,Buchi Babu Sana
1814647,Christine Luby
1179440,Prisca Bouchet
1071320,Nick Mayow
116521,Kongkiat Khomsiri
680043,Madonne Ashwin
229339,Ricardo Trogi
2071574,Nishanth Kalidindi
812101,Umesh Bist
232710,Nia Dinata
230687,R. Rathindran Prasad
163027,Vitor Brandt
607187,Daniel Markowicz
596633,Raúl Martínez
1896468,Praveen Kandregula
1011808,Kristoffer Rus
350219,Rodrigo Guardiola
352023,Wan Chi-Man
1836261,Naseef Yusuf Izuddin
174508,Marta Hermida
342313,Thabang Moleya
186170,Ahishor Solomon
159884,Martin Prakkat
1096294,Leandro Neri
1748433,Sung Do-joon
184809,Srinath Rajendran
880972,Uga Carlini
401236,Sarawut Wichiensarn
2132536,Mimi Maynard
104099,Nina Wels
1066844,Andrea Deppert
169761,Regina Welker
2117351,Tim Stuby
2117413,Jim Miller
2279151,Renata Shoel
184181,Tone Grøttjord-Glenne
2076529,Jacinth Tan Yi Ting
474304,Sharan Koppisetty
1040756,Jakub Piątek
2315441,Han Jung-chul
2315502,Park Soo-jeong
241397,Florian Gottschick
1147578,Noviandra Santosa
1150050,Manuele Mandolesi
1184081,Iban del Campo
1558,David Benullo
260368,Chan Kin-long
2217212,Hebru Brantley
801018,Rudy Valdez
2112097,Seralf Flares
925235,Ajay Bhupathi
885503,Park Hee-yeon
2117583,Brice VDH
2117569,Sébastien Rensonnet
208396,Hadrah Daeng Ratu
2105898,David A. Vargas
1664935,Im Hyeon-wook
232711,Lucky Kuswandi
1967178,Abosi Ogba
1967430,Akay Mason
1201552,Kim Dong-gyu
1950416,Julian Gaviria
763796,Manuel Alcalá
228433,Nithin Renji Panicker
1754029,Karthik Swaminathan
875149,Ekene Som Mekwunye
1999692,Muzi Mthembu
134688,Veronica Velasco
1131338,Delhi Prasad Deenadayal
147955,Alessandra de Rossi
731885,Rizki Balki
805768,Tamer Mohsen
146826,S. P. Jananathan
68119,Renuka Shahane
2118106,Sakon Tiacharoen
1862177,Steve Rolston
169037,Subhash Kapoor
63129,Gray Hofmeyr
720323,Ziggy Hofmeyr
745342,Adze Ugah
1560574,Kaashvie Nair
903031,delsar
1041504,José Julián Gaviria
1950442,Yedinson Flórez
591491,Nadège Loiseau
127941,Saket Chaudhary
365400,Yağmur Taylan
365399,Durul Taylan
2221139,Hayato Takahashi
2044574,Tyler Greco
1936306,Myriam Fares
1468136,Seko Shamte
1074079,Abdulaziz Alshlahei
132589,Jose Javier Reyes
141253,Monty Tiwa
1582756,Umut Evirgen
1197537,Taranveer Singh
1827884,Mohamed Bakir
243467,Bagus Bramanti
271129,Charles Gozali
918476,Stanley D'Costa
1790433,Easy Ferrer
1278319,Kürşad  Bayhan
363804,Pascal Atuma
2050423,Yemi Amodu
